,Allianz Global Investors Fund - Allianz Global Artificial Intelligence AT USD,CS Investment Funds 2 - Credit Suisse (Lux) Digital Health Equity Fund IB USD,Allianz Global Investors Fund - Allianz China A Shares PT USD,Nikko AM ARK Disruptive Innovation Fund A USD Acc,Brookfield Global Renewables and Sustainable Infrastructure UCITS Fund USD Institutional Acc Cls E,Baillie Gifford Positive Change Fund B Accumulation,BlackRock Global Funds - Sustainable Energy Fund I2,UBS (Lux) Equity Fund - China Opprtunity (USD) I-A1-acc
2010-08-20,,,,,,,7.21,
2010-08-23,,,,,,,7.3,
2010-08-24,,,,,,,7.07,
2010-08-25,,,,,,,6.97,
2010-08-26,,,,,,,7.14,
2010-08-27,,,,,,,7.09,
2010-08-30,,,,,,,7.2,
2010-08-31,,,,,,,7.08,
2010-09-01,,,,,,,7.27,
2010-09-02,,,,,,,7.39,
2010-09-03,,,,,,,7.48,
2010-09-06,,,,,,,7.47,
2010-09-07,,,,,,,7.36,
2010-09-08,,,,,,,7.39,
2010-09-09,,,,,,,7.46,
2010-09-10,,,,,,,7.44,
2010-09-13,,,,,,,7.54,
2010-09-14,,,,,,,7.56,
2010-09-15,,,,,,,7.52,
2010-09-16,,,,,,,7.54,
2010-09-17,,,,,,,7.51,
2010-09-20,,,,,,,7.47,
2010-09-21,,,,,,,7.55,
2010-09-22,,,,,,,7.64,
2010-09-23,,,,,,,7.47,
2010-09-24,,,,,,,7.6,
2010-09-27,,,,,,,7.61,
2010-09-28,,,,,,,7.61,
2010-09-29,,,,,,,7.65,
2010-09-30,,,,,,,7.74,
2010-10-01,,,,,,,7.73,
2010-10-04,,,,,,,7.69,
2010-10-05,,,,,,,7.76,
2010-10-06,,,,,,,7.9,
2010-10-07,,,,,,,7.86,
2010-10-08,,,,,,,7.88,
2010-10-11,,,,,,,7.92,
2010-10-12,,,,,,,7.85,
2010-10-13,,,,,,,8.02,
2010-10-14,,,,,,,8.08,
2010-10-15,,,,,,,8.07,
2010-10-18,,,,,,,8.08,
2010-10-19,,,,,,,7.95,
2010-10-20,,,,,,,7.96,
2010-10-21,,,,,,,8.02,
2010-10-22,,,,,,,7.98,
2010-10-25,,,,,,,8.09,
2010-10-26,,,,,,,7.97,
2010-10-27,,,,,,,7.95,
2010-10-28,,,,,,,7.99,
2010-10-29,,,,,,,7.92,
2010-11-01,,,,,,,,
2010-11-02,,,,,,,7.94,
2010-11-03,,,,,,,7.97,
2010-11-04,,,,,,,8.14,
2010-11-05,,,,,,,8.1,
2010-11-08,,,,,,,8.05,
2010-11-09,,,,,,,8.11,
2010-11-10,,,,,,,7.93,
2010-11-11,,,,,,,7.88,
2010-11-12,,,,,,,7.88,
2010-11-15,,,,,,,7.79,
2010-11-16,,,,,,,7.68,
2010-11-17,,,,,,,7.59,
2010-11-18,,,,,,,7.71,
2010-11-19,,,,,,,7.7,
2010-11-22,,,,,,,7.71,
2010-11-23,,,,,,,7.56,
2010-11-24,,,,,,,7.6,
2010-11-25,,,,,,,7.63,
2010-11-26,,,,,,,7.58,
2010-11-29,,,,,,,,
2010-11-30,,,,,,,,
2010-12-01,,,,,,,,
2010-12-02,,,,,,,,
2010-12-03,,,,,,,,
2010-12-06,,,,,,,,
2010-12-07,,,,,,,,
2010-12-08,,,,,,,,
2010-12-09,,,,,,,,
2010-12-10,,,,,,,,
2010-12-13,,,,,,,,
2010-12-14,,,,,,,,
2010-12-15,,,,,,,,
2010-12-16,,,,,,,,
2010-12-17,,,,,,,,
2010-12-20,,,,,,,,
2010-12-21,,,,,,,,
2010-12-22,,,,,,,,
2010-12-23,,,,,,,,
2010-12-24,,,,,,,,
2010-12-27,,,,,,,,
2010-12-28,,,,,,,,
2010-12-29,,,,,,,,
2010-12-30,,,,,,,,
2010-12-31,,,,,,,,
2011-01-03,,,,,,,,
2011-01-04,,,,,,,,
2011-01-05,,,,,,,,
2011-01-06,,,,,,,,
2011-01-07,,,,,,,,
2011-01-10,,,,,,,,
2011-01-11,,,,,,,,
2011-01-12,,,,,,,,
2011-01-13,,,,,,,,
2011-01-14,,,,,,,,
2011-01-17,,,,,,,,
2011-01-18,,,,,,,,
2011-01-19,,,,,,,,
2011-01-20,,,,,,,,
2011-01-21,,,,,,,,
2011-01-24,,,,,,,,
2011-01-25,,,,,,,,
2011-01-26,,,,,,,,
2011-01-27,,,,,,,,
2011-01-28,,,,,,,,
2011-01-31,,,,,,,,
2011-02-01,,,,,,,8.17,
2011-02-02,,,,,,,8.19,
2011-02-03,,,,,,,,
2011-02-04,,,,,,,,
2011-02-07,,,,,,,,
2011-02-08,,,,,,,,
2011-02-09,,,,,,,,
2011-02-10,,,,,,,,
2011-02-11,,,,,,,8.18,
2011-02-14,,,,,,,8.24,
2011-02-15,,,,,,,8.22,
2011-02-16,,,,,,,8.22,
2011-02-17,,,,,,,8.2,
2011-02-18,,,,,,,8.23,
2011-02-21,,,,,,,8.2,
2011-02-22,,,,,,,8.12,
2011-02-23,,,,,,,8.01,
2011-02-24,,,,,,,,
2011-02-25,,,,,,,8.07,
2011-02-28,,,,,,,8.19,
2011-03-01,,,,,,,8.17,
2011-03-02,,,,,,,8.08,
2011-03-03,,,,,,,8.2,
2011-03-04,,,,,,,8.21,
2011-03-07,,,,,,,8.23,
2011-03-08,,,,,,,8.1,
2011-03-09,,,,,,,8.2,
2011-03-10,,,,,,,8.01,
2011-03-11,,,,,,,,
2011-03-14,,,,,,,7.97,
2011-03-15,,,,,,,7.95,
2011-03-16,,,,,,,7.98,
2011-03-17,,,,,,,8.06,
2011-03-18,,,,,,,8.14,
2011-03-21,,,,,,,,
2011-03-22,,,,,,,,
2011-03-23,,,,,,,8.18,
2011-03-24,,,,,,,8.3,
2011-03-25,,,,,,,,
2011-03-28,,,,,,,8.4,
2011-03-29,,,,,,,,
2011-03-30,,,,,,,8.48,
2011-03-31,,,,,,,8.52,
2011-04-01,,,,,,,8.55,
2011-04-04,,,,,,,8.64,
2011-04-05,,,,,,,8.58,
2011-04-06,,,,,,,8.51,
2011-04-07,,,,,,,8.51,
2011-04-08,,,,,,,8.52,
2011-04-11,,,,,,,8.47,
2011-04-12,,,,,,,,
2011-04-13,,,,,,,8.41,
2011-04-14,,,,,,,8.26,
2011-04-15,,,,,,,8.26,
2011-04-18,,,,,,,,
2011-04-19,,,,,,,,
2011-04-20,,,,,,,,
2011-04-21,,,,,,,8.32,
2011-04-22,,,,,,,,
2011-04-25,,,,,,,,
2011-04-26,,,,,,,8.4,
2011-04-27,,,,,,,8.45,
2011-04-28,,,,,,,8.5,
2011-04-29,,,,,,,8.55,
2011-05-02,,,,,,,8.57,
2011-05-03,,,,,,,8.49,
2011-05-04,,,,,,,8.38,
2011-05-05,,,,,,,,
2011-05-06,,,,,,,8.24,
2011-05-09,,,,,,,8.14,
2011-05-10,,,,,,,8.22,
2011-05-11,,,,,,,8.22,
2011-05-12,,,,,,,8.07,
2011-05-13,,,,,,,8.14,
2011-05-16,,,,,,,8.07,
2011-05-17,,,,,,,8.04,
2011-05-18,,,,,,,8.04,
2011-05-19,,,,,,,8.13,
2011-05-20,,,,,,,8.04,
2011-05-23,,,,,,,7.86,
2011-05-24,,,,,,,7.92,
2011-05-25,,,,,,,7.84,
2011-05-26,,,,,,,7.84,
2011-05-27,,,,,,,,
2011-05-30,,,,,,,7.99,
2011-05-31,,,,,,,8.14,
2011-06-01,,,,,,,8.11,
2011-06-02,,,,,,,,
2011-06-03,,,,,,,7.95,
2011-06-06,,,,,,,7.96,
2011-06-07,,,,,,,7.95,
2011-06-08,,,,,,,7.82,
2011-06-09,,,,,,,7.83,
2011-06-10,,,,,,,7.76,
2011-06-13,,,,,,,,
2011-06-14,,,,,,,7.85,
2011-06-15,,,,,,,7.77,
2011-06-16,,,,,,,7.62,
2011-06-17,,,,,,,7.69,
2011-06-20,,,,,,,7.63,
2011-06-21,,,,,,,7.71,
2011-06-22,,,,,,,7.75,
2011-06-23,,,,,,,,
2011-06-24,,,,,,,7.59,
2011-06-27,,,,,,,7.56,
2011-06-28,,,,,,,7.63,
2011-06-29,,,,,,,7.71,
2011-06-30,,,,,,,7.84,
2011-07-01,,,,,,,7.87,
2011-07-04,,,,,,,7.98,
2011-07-05,,,,,,,7.95,
2011-07-06,,,,,,,7.86,
2011-07-07,,,,,,,7.89,
2011-07-08,,,,,,,7.83,
2011-07-11,,,,,,,7.67,
2011-07-12,,,,,,,7.6,
2011-07-13,,,,,,,7.63,
2011-07-14,,,,,,,7.68,
2011-07-15,,,,,,,7.57,
2011-07-18,,,,,,,7.49,
2011-07-19,,,,,,,,
2011-07-20,,,,,,,7.61,
2011-07-21,,,,,,,7.7,
2011-07-22,,,,,,,7.73,
2011-07-25,,,,,,,7.81,
2011-07-26,,,,,,,7.78,
2011-07-27,,,,,,,7.69,
2011-07-28,,,,,,,7.56,
2011-07-29,,,,,,,7.49,
2011-08-01,,,,,,,7.53,
2011-08-02,,,,,,,7.34,
2011-08-03,,,,,,,7.24,
2011-08-04,,,,,,,7.02,
2011-08-05,,,,,,,6.79,
2011-08-08,,,,,,,6.6,
2011-08-09,,,,,,,6.52,
2011-08-10,,,,,,,6.52,
2011-08-11,,,,,,,6.46,
2011-08-12,,,,,,,6.74,
2011-08-15,,,,,,,,
2011-08-16,,,,,,,6.8,
2011-08-17,,,,,,,6.95,
2011-08-18,,,,,,,6.58,
2011-08-19,,,,,,,6.51,
2011-08-22,,,,,,,6.53,
2011-08-23,,,,,,,6.48,
2011-08-24,,,,,,,6.71,
2011-08-25,,,,,,,6.67,
2011-08-26,,,,,,,6.55,
2011-08-29,,,,,,,6.79,
2011-08-30,,,,,,,6.82,
2011-08-31,,,,,,,6.97,
2011-09-01,,,,,,,6.88,
2011-09-02,,,,,,,6.7,
2011-09-05,,,,,,,6.49,
2011-09-06,,,,,,,6.42,
2011-09-07,,,,,,,6.59,
2011-09-08,,,,,,,6.6,
2011-09-09,,,,,,,6.38,
2011-09-12,,,,,,,6.27,
2011-09-13,,,,,,,6.3,
2011-09-14,,,,,,,6.36,
2011-09-15,,,,,,,6.57,
2011-09-16,,,,,,,6.6,
2011-09-19,,,,,,,6.34,
2011-09-20,,,,,,,,
2011-09-21,,,,,,,6.36,
2011-09-22,,,,,,,5.96,
2011-09-23,,,,,,,5.94,
2011-09-26,,,,,,,5.94,
2011-09-27,,,,,,,6.25,
2011-09-28,,,,,,,6.24,
2011-09-29,,,,,,,6.18,
2011-09-30,,,,,,,6.0,
2011-10-03,,,,,,,5.88,
2011-10-04,,,,,,,5.61,
2011-10-05,,,,,,,5.82,
2011-10-06,,,,,,,6.0,
2011-10-07,,,,,,,6.13,
2011-10-10,,,,,,,6.2,
2011-10-11,,,,,,,6.18,
2011-10-12,,,,,,,6.33,
2011-10-13,,,,,,,6.3,
2011-10-14,,,,,,,6.44,
2011-10-17,,,,,,,6.35,
2011-10-18,,,,,,,6.24,
2011-10-19,,,,,,,6.34,
2011-10-20,,,,,,,6.24,
2011-10-21,,,,,,,6.35,
2011-10-24,,,,,,,6.42,
2011-10-25,,,,,,,6.46,
2011-10-26,,,,,,,6.5,
2011-10-27,,,,,,,6.72,
2011-10-28,,,,,,,6.75,
2011-10-31,,,,,,,6.59,
2011-11-01,,,,,,,,
2011-11-02,,,,,,,6.4,
2011-11-03,,,,,,,6.46,
2011-11-04,,,,,,,6.41,
2011-11-07,,,,,,,6.48,
2011-11-08,,,,,,,6.5,
2011-11-09,,,,,,,6.26,
2011-11-10,,,,,,,6.23,
2011-11-11,,,,,,,6.34,
2011-11-14,,,,,,,6.32,
2011-11-15,,,,,,,6.28,
2011-11-16,,,,,,,6.25,
2011-11-17,,,,,,,6.2,
2011-11-18,,,,,,,6.15,
2011-11-21,,,,,,,5.98,
2011-11-22,,,,,,,6.0,
2011-11-23,,,,,,,5.87,
2011-11-24,,,,,,,5.83,
2011-11-25,,,,,,,5.82,
2011-11-28,,,,,,,6.03,
2011-11-29,,,,,,,6.05,
2011-11-30,,,,,,,6.28,
2011-12-01,,,,,,,6.34,
2011-12-02,,,,,,,6.32,
2011-12-05,,,,,,,6.4,
2011-12-06,,,,,,,6.29,
2011-12-07,,,,,,,6.26,
2011-12-08,,,,,,,6.21,
2011-12-09,,,,,,,6.2,
2011-12-12,,,,,,,6.11,
2011-12-13,,,,,,,,
2011-12-14,,,,,,,,
2011-12-15,,,,,,,,
2011-12-16,,,,,,,5.96,
2011-12-19,,,,,,,5.93,
2011-12-20,,,,,,,,
2011-12-21,,,,,,,6.05,
2011-12-22,,,,,,,6.14,
2011-12-23,,,,,,,6.19,
2011-12-26,,,,,,,,
2011-12-27,,,,,,,6.22,
2011-12-28,,,,,,,6.19,
2011-12-29,,,,,,,6.15,
2011-12-30,,,,,,,6.23,
2012-01-02,,,,,,,6.27,
2012-01-03,,,,,,,,
2012-01-04,,,,,,,,
2012-01-05,,,,,,,6.24,
2012-01-06,,,,,,,6.25,
2012-01-09,,,,,,,6.27,
2012-01-10,,,,,,,6.39,
2012-01-11,,,,,,,6.35,
2012-01-12,,,,,,,6.43,
2012-01-13,,,,,,,6.37,
2012-01-16,,,,,,,6.37,
2012-01-17,,,,,,,6.44,
2012-01-18,,,,,,,6.4,
2012-01-19,,,,,,,6.49,
2012-01-20,,,,,,,6.47,
2012-01-23,,,,,,,6.49,
2012-01-24,,,,,,,6.39,
2012-01-25,,,,,,,6.37,
2012-01-26,,,,,,,6.57,
2012-01-27,,,,,,,6.51,
2012-01-30,,,,,,,6.45,
2012-01-31,,,,,,,6.51,
2012-02-01,,,,,,,6.58,
2012-02-02,,,,,,,6.63,
2012-02-03,,,,,,,6.68,
2012-02-06,,,,,,,6.69,
2012-02-07,,,,,,,6.69,
2012-02-08,,,,,,,6.76,
2012-02-09,,,,,,,6.8,
2012-02-10,,,,,,,6.71,
2012-02-13,,,,,,,6.76,
2012-02-14,,,,,,,6.7,
2012-02-15,,,,,,,6.71,
2012-02-16,,,,,,,6.68,
2012-02-17,,,,,,,6.81,
2012-02-20,,,,,,,6.85,
2012-02-21,,,,,,,6.82,
2012-02-22,,,,,,,6.83,
2012-02-23,,,,,,,6.75,
2012-02-24,,,,,,,6.83,
2012-02-27,,,,,,,6.73,
2012-02-28,,,,,,,6.81,
2012-02-29,,,,,,,6.84,
2012-03-01,,,,,,,6.8,
2012-03-02,,,,,,,6.78,
2012-03-05,,,,,,,6.73,
2012-03-06,,,,,,,6.55,
2012-03-07,,,,,,,6.54,
2012-03-08,,,,,,,6.63,
2012-03-09,,,,,,,6.66,
2012-03-12,,,,,,,6.65,
2012-03-13,,,,,,,6.69,
2012-03-14,,,,,,,6.71,
2012-03-15,,,,,,,6.71,
2012-03-16,,,,,,,6.79,
2012-03-19,,,,,,,6.78,
2012-03-20,,,,,,,6.69,
2012-03-21,,,,,,,6.67,
2012-03-22,,,,,,,6.61,
2012-03-23,,,,,,,6.66,
2012-03-26,,,,,,,6.77,
2012-03-27,,,,,,,6.8,
2012-03-28,,,,,,,6.71,
2012-03-29,,,,,,,6.61,
2012-03-30,,,,,,,6.69,
2012-04-02,,,,,,,6.62,
2012-04-03,,,,,,,6.68,
2012-04-04,,,,,,,6.54,
2012-04-05,,,,,,,6.5,
2012-04-06,,,,,,,,
2012-04-09,,,,,,,,
2012-04-10,,,,,,,6.41,
2012-04-11,,,,,,,6.39,
2012-04-12,,,,,,,6.45,
2012-04-13,,,,,,,6.44,
2012-04-16,,,,,,,6.43,
2012-04-17,,,,,,,6.47,
2012-04-18,,,,,,,6.49,
2012-04-19,,,,,,,6.48,
2012-04-20,,,,,,,6.49,
2012-04-23,,,,,,,6.36,
2012-04-24,,,,,,,6.4,
2012-04-25,,,,,,,6.48,
2012-04-26,,,,,,,6.43,
2012-04-27,,,,,,,6.5,
2012-04-30,,,,,,,6.48,
2012-05-01,,,,,,,,
2012-05-02,,,,,,,6.51,
2012-05-03,,,,,,,6.54,
2012-05-04,,,,,,,6.44,
2012-05-07,,,,,,,6.39,
2012-05-08,,,,,,,6.35,
2012-05-09,,,,,,,6.23,
2012-05-10,,,,,,,6.35,
2012-05-11,,,,,,,6.33,
2012-05-14,,,,,,,6.2,
2012-05-15,,,,,,,6.16,
2012-05-16,,,,,,,6.13,
2012-05-17,,,,,,,,
2012-05-18,,,,,,,5.93,
2012-05-21,,,,,,,5.91,
2012-05-22,,,,,,,6.01,
2012-05-23,,,,,,,5.94,
2012-05-24,,,,,,,5.96,
2012-05-25,,,,,,,5.96,
2012-05-28,,,,,,,,
2012-05-29,,,,,,,6.02,
2012-05-30,,,,,,,5.93,
2012-05-31,,,,,,,5.85,
2012-06-01,,,,,,,5.77,
2012-06-04,,,,,,,5.73,
2012-06-05,,,,,,,5.74,
2012-06-06,,,,,,,5.86,
2012-06-07,,,,,,,5.99,
2012-06-08,,,,,,,5.87,
2012-06-11,,,,,,,5.94,
2012-06-12,,,,,,,5.85,
2012-06-13,,,,,,,5.85,
2012-06-14,,,,,,,5.83,
2012-06-15,,,,,,,5.9,
2012-06-18,,,,,,,5.95,
2012-06-19,,,,,,,6.02,
2012-06-20,,,,,,,6.06,
2012-06-21,,,,,,,6.04,
2012-06-22,,,,,,,5.92,
2012-06-25,,,,,,,5.82,
2012-06-26,,,,,,,5.79,
2012-06-27,,,,,,,5.78,
2012-06-28,,,,,,,5.78,
2012-06-29,,,,,,,5.99,
2012-07-02,,,,,,,6.03,
2012-07-03,,,,,,,6.09,
2012-07-04,,,,,,,6.09,
2012-07-05,,,,,,,6.03,
2012-07-06,,,,,,,5.99,
2012-07-09,,,,,,,5.92,
2012-07-10,,,,,,,5.96,
2012-07-11,,,,,,,5.9,
2012-07-12,,,,,,,5.79,
2012-07-13,,,,,,,5.89,
2012-07-16,,,,,,,5.89,
2012-07-17,,,,,,,5.92,
2012-07-18,,,,,,,5.94,
2012-07-19,,,,,,,5.98,
2012-07-20,,,,,,,5.89,
2012-07-23,,,,,,,5.72,
2012-07-24,,,,,,,5.72,
2012-07-25,,,,,,,5.68,
2012-07-26,,,,,,,5.79,
2012-07-27,,,,,,,5.87,
2012-07-30,,,,,,,6.01,
2012-07-31,,,,,,,5.97,
2012-08-01,,,,,,,5.96,
2012-08-02,,,,,,,5.92,
2012-08-03,,,,,,,6.02,
2012-08-06,,,,,,,6.07,
2012-08-07,,,,,,,6.13,
2012-08-08,,,,,,,6.1,
2012-08-09,,,,,,,6.11,
2012-08-10,,,,,,,6.09,
2012-08-13,,,,,,,6.12,
2012-08-14,,,,,,,6.12,
2012-08-15,,,,,,,,
2012-08-16,,,,,,,6.2,
2012-08-17,,,,,,,6.27,
2012-08-20,,,,,,,6.27,
2012-08-21,,,,,,,6.35,
2012-08-22,,,,,,,6.26,
2012-08-23,,,,,,,6.27,
2012-08-24,,,,,,,6.21,
2012-08-27,,,,,,,6.23,
2012-08-28,,,,,,,6.24,
2012-08-29,,,,,,,6.26,
2012-08-30,,,,,,,6.22,
2012-08-31,,,,,,,6.24,
2012-09-03,,,,,,,6.27,
2012-09-04,,,,,,,6.26,
2012-09-05,,,,,,,6.23,
2012-09-06,,,,,,,6.31,
2012-09-07,,,,,,,6.43,
2012-09-10,,,,,,,6.45,
2012-09-11,,,,,,,6.46,
2012-09-12,,,,,,,6.45,
2012-09-13,,,,,,,6.4,
2012-09-14,,,,,,,6.61,
2012-09-17,,,,,,,6.59,
2012-09-18,,,,,,,6.55,
2012-09-19,,,,,,,6.55,
2012-09-20,,,,,,,6.48,
2012-09-21,,,,,,,6.56,
2012-09-24,,,,,,,6.48,
2012-09-25,,,,,,,6.52,
2012-09-26,,,,,,,6.4,
2012-09-27,,,,,,,6.42,
2012-09-28,,,,,,,6.39,
2012-10-01,,,,,,,6.43,
2012-10-02,,,,,,,6.45,
2012-10-03,,,,,,,6.43,
2012-10-04,,,,,,,6.44,
2012-10-05,,,,,,,6.52,
2012-10-08,,,,,,,6.45,
2012-10-09,,,,,,,6.43,
2012-10-10,,,,,,,6.35,
2012-10-11,,,,,,,6.37,
2012-10-12,,,,,,,6.38,
2012-10-15,,,,,,,6.34,
2012-10-16,,,,,,,6.44,
2012-10-17,,,,,,,6.48,
2012-10-18,,,,,,,6.52,
2012-10-19,,,,,,,6.44,
2012-10-22,,,,,,,6.38,
2012-10-23,,,,,,,6.27,
2012-10-24,,,,,,,6.28,
2012-10-25,,,,,,,6.31,
2012-10-26,,,,,,,6.28,
2012-10-29,,,,,,,,
2012-10-30,,,,,,,,
2012-10-31,,,,,,,6.31,
2012-11-01,,,,,,,,
2012-11-02,,,,,,,6.31,
2012-11-05,,,,,,,6.28,
2012-11-06,,,,,,,6.32,
2012-11-07,,,,,,,6.26,
2012-11-08,,,,,,,6.22,
2012-11-09,,,,,,,6.15,
2012-11-12,,,,,,,6.15,
2012-11-13,,,,,,,6.1,
2012-11-14,,,,,,,6.09,
2012-11-15,,,,,,,6.0,
2012-11-16,,,,,,,5.98,
2012-11-19,,,,,,,6.07,
2012-11-20,,,,,,,6.1,
2012-11-21,,,,,,,6.11,
2012-11-22,,,,,,,6.18,
2012-11-23,,,,,,,6.21,
2012-11-26,,,,,,,6.25,
2012-11-27,,,,,,,6.26,
2012-11-28,,,,,,,6.19,
2012-11-29,,,,,,,6.33,
2012-11-30,,,,,,,6.35,
2012-12-03,,,,,,,6.36,
2012-12-04,,,,,,,6.34,
2012-12-05,,,,,,,6.35,
2012-12-06,,,,,,,6.36,
2012-12-07,,,,,,,6.36,
2012-12-10,,,,,,,6.39,
2012-12-11,,,,,,,6.46,
2012-12-12,,,,,,,6.5,
2012-12-13,,,,,,,6.49,
2012-12-14,,,,,,,6.5,
2012-12-17,,,,,,,6.54,
2012-12-18,,,,,,,6.57,
2012-12-19,,,,,,,6.65,
2012-12-20,,,,,,,6.64,
2012-12-21,,,,,,,6.6,
2012-12-24,,,,,,,,
2012-12-25,,,,,,,,
2012-12-26,,,,,,,,
2012-12-27,,,,,,,6.59,
2012-12-28,,,,,,,6.52,
2012-12-31,,,,,,,6.52,
2013-01-01,,,,,,,,
2013-01-02,,,,,,,6.7,
2013-01-03,,,,,,,6.69,
2013-01-04,,,,,,,6.71,
2013-01-07,,,,,,,6.71,
2013-01-08,,,,,,,6.71,
2013-01-09,,,,,,,6.76,
2013-01-10,,,,,,,6.81,
2013-01-11,,,,,,,6.82,
2013-01-14,,,,,,,6.79,
2013-01-15,,,,,,,6.76,
2013-01-16,,,,,,,6.75,
2013-01-17,,,,,,,6.79,
2013-01-18,,,,,,,6.79,
2013-01-21,,,,,,,6.82,
2013-01-22,,,,,,,6.86,
2013-01-23,,,,,,,6.89,
2013-01-24,,,,,,,6.89,
2013-01-25,,,,,,,6.93,
2013-01-28,,,,,,,6.91,
2013-01-29,,,,,,,6.91,
2013-01-30,,,,,,,6.93,
2013-01-31,,,,,,,6.9,
2013-02-01,,,,,,,6.94,
2013-02-04,,,,,,,6.91,
2013-02-05,,,,,,,6.9,
2013-02-06,,,,,,,6.9,
2013-02-07,,,,,,,6.93,
2013-02-08,,,,,,,6.91,
2013-02-11,,,,,,,6.91,
2013-02-12,,,,,,,6.93,
2013-02-13,,,,,,,7.01,
2013-02-14,,,,,,,6.95,
2013-02-15,,,,,,,6.98,
2013-02-18,,,,,,,6.95,
2013-02-19,,,,,,,7.0,
2013-02-20,,,,,,,7.02,
2013-02-21,,,,,,,6.88,
2013-02-22,,,,,,,6.92,
2013-02-25,,,,,,,6.98,
2013-02-26,,,,,,,6.83,
2013-02-27,,,,,,,6.84,
2013-02-28,,,,,,,6.92,
2013-03-01,,,,,,,6.85,
2013-03-04,,,,,,,6.86,
2013-03-05,,,,,,,6.95,
2013-03-06,,,,,,,6.98,
2013-03-07,,,,,,,7.02,
2013-03-08,,,,,,,7.03,
2013-03-11,,,,,,,7.05,
2013-03-12,,,,,,,7.07,
2013-03-13,,,,,,,7.03,
2013-03-14,,,,,,,7.08,
2013-03-15,,,,,,,7.11,
2013-03-18,,,,,,,7.05,
2013-03-19,,,,,,,7.06,
2013-03-20,,,,,,,7.08,
2013-03-21,,,,,,,7.04,
2013-03-22,,,,,,,7.07,
2013-03-25,,,,,,,7.03,
2013-03-26,,,,,,,7.01,
2013-03-27,,,,,,,6.95,
2013-03-28,,,,,,,7.01,
2013-03-29,,,,,,,,
2013-04-01,,,,,,,,
2013-04-02,,,,,,,7.0,
2013-04-03,,,,,,,6.98,
2013-04-04,,,,,,,6.92,
2013-04-05,,,,,,,6.87,
2013-04-08,,,,,,,6.93,
2013-04-09,,,,,,,6.97,
2013-04-10,,,,,,,7.09,
2013-04-11,,,,,,,7.12,
2013-04-12,,,,,,,7.1,
2013-04-15,,,,,,,7.0,
2013-04-16,,,,,,,6.95,
2013-04-17,,,,,,,6.89,
2013-04-18,,,,,,,6.81,
2013-04-19,,,,,,,6.85,
2013-04-22,,,,,,,6.87,
2013-04-23,,,,,,,6.95,
2013-04-24,,,,,,,7.02,
2013-04-25,,,,,,,7.09,
2013-04-26,,,,,,,7.09,
2013-04-29,,,,,,,7.13,
2013-04-30,,,,,,,7.15,
2013-05-01,,,,,,,,
2013-05-02,,,,,,,7.1,
2013-05-03,,,,,,,7.22,
2013-05-06,,,,,,,7.21,
2013-05-07,,,,,,,7.24,
2013-05-08,,,,,,,7.29,
2013-05-09,,,,,,,,
2013-05-10,,,,,,,7.24,
2013-05-13,,,,,,,7.25,
2013-05-14,,,,,,,7.3,
2013-05-15,,,,,,,7.3,
2013-05-16,,,,,,,7.31,
2013-05-17,,,,,,,7.31,
2013-05-20,,,,,,,,
2013-05-21,,,,,,,7.47,
2013-05-22,,,,,,,7.49,
2013-05-23,,,,,,,7.3,
2013-05-24,,,,,,,7.35,
2013-05-27,,,,,,,7.37,
2013-05-28,,,,,,,7.47,
2013-05-29,,,,,,,7.36,
2013-05-30,,,,,,,7.4,
2013-05-31,,,,,,,7.33,
2013-06-03,,,,,,,7.28,
2013-06-04,,,,,,,7.32,
2013-06-05,,,,,,,7.23,
2013-06-06,,,,,,,7.21,
2013-06-07,,,,,,,7.25,
2013-06-10,,,,,,,7.27,
2013-06-11,,,,,,,7.23,
2013-06-12,,,,,,,7.27,
2013-06-13,,,,,,,7.18,
2013-06-14,,,,,,,7.27,
2013-06-17,,,,,,,7.33,
2013-06-18,,,,,,,7.32,
2013-06-19,,,,,,,7.34,
2013-06-20,,,,,,,7.11,
2013-06-21,,,,,,,7.03,
2013-06-24,,,,,,,6.84,
2013-06-25,,,,,,,6.91,
2013-06-26,,,,,,,7.0,
2013-06-27,,,,,,,7.1,
2013-06-28,,,,,,,7.07,
2013-07-01,,,,,,,7.13,
2013-07-02,,,,,,,7.13,
2013-07-03,,,,,,,7.04,
2013-07-04,,,,,,,7.1,
2013-07-05,,,,,,,7.07,
2013-07-08,,,,,,,7.17,
2013-07-09,,,,,,,7.21,
2013-07-10,,,,,,,7.21,
2013-07-11,,,,,,,7.34,
2013-07-12,,,,,,,7.34,
2013-07-15,,,,,,,7.36,
2013-07-16,,,,,,,7.39,
2013-07-17,,,,,,,7.38,
2013-07-18,,,,,,,7.41,
2013-07-19,,,,,,,7.44,
2013-07-22,,,,,,,7.51,
2013-07-23,,,,,,,7.53,
2013-07-24,,,,,,,7.53,
2013-07-25,,,,,,,7.48,
2013-07-26,,,,,,,7.5,
2013-07-29,,,,,,,7.51,
2013-07-30,,,,,,,7.52,
2013-07-31,,,,,,,7.49,
2013-08-01,,,,,,,7.57,
2013-08-02,,,,,,,7.59,
2013-08-05,,,,,,,7.62,
2013-08-06,,,,,,,7.59,
2013-08-07,,,,,,,7.51,
2013-08-08,,,,,,,7.57,
2013-08-09,,,,,,,7.62,
2013-08-12,,,,,,,7.59,
2013-08-13,,,,,,,7.6,
2013-08-14,,,,,,,7.6,
2013-08-15,,,,,,,,
2013-08-16,,,,,,,7.55,
2013-08-19,,,,,,,7.5,
2013-08-20,,,,,,,7.45,
2013-08-21,,,,,,,7.5,
2013-08-22,,,,,,,7.53,
2013-08-23,,,,,,,7.58,
2013-08-26,,,,,,,7.58,
2013-08-27,,,,,,,7.46,
2013-08-28,,,,,,,7.4,
2013-08-29,,,,,,,7.46,
2013-08-30,,,,,,,7.44,
2013-09-02,,,,,,,7.48,
2013-09-03,,,,,,,7.5,
2013-09-04,,,,,,,7.5,
2013-09-05,,,,,,,7.58,
2013-09-06,,,,,,,7.59,
2013-09-09,,,,,,,7.64,
2013-09-10,,,,,,,7.75,
2013-09-11,,,,,,,7.74,
2013-09-12,,,,,,,,
2013-09-13,,,,,,,,
2013-09-16,,,,,,,7.82,
2013-09-17,,,,,,,7.78,
2013-09-18,,,,,,,7.82,
2013-09-19,,,,,,,7.96,
2013-09-20,,,,,,,7.91,
2013-09-23,,,,,,,7.84,
2013-09-24,,,,,,,7.86,
2013-09-25,,,,,,,7.88,
2013-09-26,,,,,,,7.94,
2013-09-27,,,,,,,7.94,
2013-09-30,,,,,,,7.9,
2013-10-01,,,,,,,7.98,
2013-10-02,,,,,,,7.98,
2013-10-03,,,,,,,8.0,
2013-10-04,,,,,,,7.97,
2013-10-07,,,,,,,7.93,
2013-10-08,,,,,,,7.96,
2013-10-09,,,,,,,7.85,
2013-10-10,,,,,,,7.94,
2013-10-11,,,,,,,8.01,
2013-10-14,,,,,,,8.02,
2013-10-15,,,,,,,8.03,
2013-10-16,,,,,,,8.04,
2013-10-17,,,,,,,8.07,
2013-10-18,,,,,,,8.17,
2013-10-21,,,,,,,8.23,
2013-10-22,,,,,,,8.28,
2013-10-23,,,,,,,8.25,
2013-10-24,,,,,,,8.26,
2013-10-25,,,,,,,8.21,
2013-10-28,,,,,,,8.15,
2013-10-29,,,,,,,8.18,
2013-10-30,,,,,,,8.21,
2013-10-31,,,,,,,8.11,
2013-11-01,,,,,,,,
2013-11-04,,,,,,,8.17,
2013-11-05,,,,,,,8.14,
2013-11-06,,,,,,,8.25,
2013-11-07,,,,,,,8.18,
2013-11-08,,,,,,,8.07,
2013-11-11,,,,,,,8.17,
2013-11-12,,,,,,,8.14,
2013-11-13,,,,,,,8.08,
2013-11-14,,,,,,,8.14,
2013-11-15,,,,,,,8.18,
2013-11-18,,,,,,,8.23,
2013-11-19,,,,,,,8.17,
2013-11-20,,,,,,,8.13,
2013-11-21,,,,,,,8.13,
2013-11-22,,,,,,,8.17,
2013-11-25,,,,,,,8.16,
2013-11-26,,,,,,,8.11,
2013-11-27,,,,,,,8.14,
2013-11-28,,,,,,,8.15,
2013-11-29,,,,,,,8.17,
2013-12-02,,,,,,,8.1,
2013-12-03,,,,,,,8.05,
2013-12-04,,,,,,,7.96,
2013-12-05,,,,,,,7.97,
2013-12-06,,,,,,,7.99,
2013-12-09,,,,,,,8.0,
2013-12-10,,,,,,,7.99,
2013-12-11,,,,,,,8.01,
2013-12-12,,,,,,,7.93,
2013-12-13,,,,,,,7.94,
2013-12-16,,,,,,,8.02,
2013-12-17,,,,,,,7.99,
2013-12-18,,,,,,,8.04,
2013-12-19,,,,,,,8.12,
2013-12-20,,,,,,,8.18,
2013-12-23,,,,,,,8.22,
2013-12-24,,,,,,,,
2013-12-25,,,,,,,,
2013-12-26,,,,,,,,
2013-12-27,,,,,,,8.31,
2013-12-30,,,,,,,8.32,
2013-12-31,,,,,,,8.35,
2014-01-01,,,,,,,,
2014-01-02,,,,,,,8.31,
2014-01-03,,,,,,,8.37,
2014-01-06,,,,,,,8.41,
2014-01-07,,,,,,,8.45,
2014-01-08,,,,,,,8.43,
2014-01-09,,,,,,,8.5,
2014-01-10,,,,,,,8.53,
2014-01-13,,,,,,,8.55,
2014-01-14,,,,,,,8.48,
2014-01-15,,,,,,,8.58,
2014-01-16,,,,,,,8.6,
2014-01-17,,,,,,,8.61,
2014-01-20,,,,,,,8.6,
2014-01-21,,,,,,,8.62,
2014-01-22,,,,,,,8.6,
2014-01-23,,,,,,,8.56,
2014-01-24,,,,,,,8.4,
2014-01-27,,,,,,,8.29,
2014-01-28,,,,,,,8.33,
2014-01-29,,,,,,,8.29,100.0
2014-01-30,,,,,,,8.31,99.49
2014-01-31,,,,,,,8.26,99.46
2014-02-03,,,,,,,8.32,
2014-02-04,,,,,,,8.17,97.38
2014-02-05,,,,,,,8.15,96.48
2014-02-06,,,,,,,8.27,97.06
2014-02-07,,,,,,,8.33,98.25
2014-02-10,,,,,,,8.38,98.82
2014-02-11,,,,,,,8.43,99.75
2014-02-12,,,,,,,8.52,100.81
2014-02-13,,,,,,,8.49,100.58
2014-02-14,,,,,,,8.6,101.07
2014-02-17,,,,,,,8.63,102.05
2014-02-18,,,,,,,8.66,102.02
2014-02-19,,,,,,,8.7,102.45
2014-02-20,,,,,,,8.63,101.55
2014-02-21,,,,,,,8.68,101.77
2014-02-24,,,,,,,8.67,100.56
2014-02-25,,,,,,,8.69,99.82
2014-02-26,,,,,,,8.68,100.85
2014-02-27,,,,,,,8.69,102.1
2014-02-28,,,,,,,8.74,102.43
2014-03-03,,,,,,,8.62,101.42
2014-03-04,,,,,,,8.72,102.49
2014-03-05,,,,,,,8.74,102.57
2014-03-06,,,,,,,8.84,103.02
2014-03-07,,,,,,,8.88,103.1
2014-03-10,,,,,,,8.83,101.81
2014-03-11,,,,,,,8.86,102.37
2014-03-12,,,,,,,8.7,101.17
2014-03-13,,,,,,,8.69,100.64
2014-03-14,,,,,,,8.58,99.21
2014-03-17,,,,,,,8.67,99.12
2014-03-18,,,,,,,8.67,100.32
2014-03-19,,,,,,,8.71,100.35
2014-03-20,,,,,,,8.6,99.3
2014-03-21,,,,,,,8.65,100.09
2014-03-24,,,,,,,8.5,100.66
2014-03-25,,,,,,,8.56,98.58
2014-03-26,,,,,,,8.6,99.48
2014-03-27,,,,,,,8.58,97.44
2014-03-28,,,,,,,8.67,98.1
2014-03-31,,,,,,,8.71,99.34
2014-04-01,,,,,,,8.76,101.0
2014-04-02,,,,,,,8.79,101.28
2014-04-03,,,,,,,8.83,100.86
2014-04-04,,,,,,,8.81,99.92
2014-04-07,,,,,,,8.7,98.47
2014-04-08,,,,,,,8.61,99.05
2014-04-09,,,,,,,8.72,100.09
2014-04-10,,,,,,,8.75,101.57
2014-04-11,,,,,,,8.59,99.96
2014-04-14,,,,,,,8.51,99.56
2014-04-15,,,,,,,8.56,98.49
2014-04-16,,,,,,,8.61,98.29
2014-04-17,,,,,,,8.68,99.15
2014-04-18,,,,,,,,
2014-04-21,,,,,,,,
2014-04-22,,,,,,,8.75,99.73
2014-04-23,,,,,,,8.77,99.87
2014-04-24,,,,,,,8.74,99.93
2014-04-25,,,,,,,8.77,98.87
2014-04-28,,,,,,,8.75,96.94
2014-04-29,,,,,,,8.67,96.61
2014-04-30,,,,,,,8.69,95.64
2014-05-01,,,,,,,,
2014-05-02,,,,,,,8.77,96.5
2014-05-05,,,,,,,8.73,96.3
2014-05-06,,,,,,,8.78,
2014-05-07,,,,,,,8.72,94.72
2014-05-08,,,,,,,8.77,93.68
2014-05-09,,,,,,,8.72,93.27
2014-05-12,,,,,,,8.82,94.96
2014-05-13,,,,,,,8.82,95.88
2014-05-14,,,,,,,8.79,96.48
2014-05-15,,,,,,,8.71,97.11
2014-05-16,,,,,,,8.67,95.39
2014-05-19,,,,,,,8.73,95.45
2014-05-20,,,,,,,8.72,96.31
2014-05-21,,,,,,,8.76,96.47
2014-05-22,,,,,,,8.86,97.65
2014-05-23,,,,,,,8.87,97.84
2014-05-26,,,,,,,8.92,98.3
2014-05-27,,,,,,,8.96,97.9
2014-05-28,,,,,,,8.93,98.6
2014-05-29,,,,,,,,
2014-05-30,,,,,,,8.96,98.26
2014-06-02,,,,,,,8.96,
2014-06-03,,,,,,,8.96,98.58
2014-06-04,,,,,,,8.92,98.09
2014-06-05,,,,,,,8.96,98.49
2014-06-06,,,,,,,9.07,98.61
2014-06-09,,,,,,,,
2014-06-10,,,,,,,9.04,100.17
2014-06-11,,,,,,,8.99,100.69
2014-06-12,,,,,,,8.98,100.77
2014-06-13,,,,,,,8.95,101.05
2014-06-16,,,,,,,8.98,100.93
2014-06-17,,,,,,,9.0,100.41
2014-06-18,,,,,,,9.03,100.31
2014-06-19,,,,,,,9.12,100.15
2014-06-20,,,,,,,9.11,99.88
2014-06-23,,,,,,,,
2014-06-24,,,,,,,9.05,98.99
2014-06-25,,,,,,,8.98,99.05
2014-06-26,,,,,,,8.98,100.4
2014-06-27,,,,,,,9.01,100.53
2014-06-30,,,,,,,9.08,100.96
2014-07-01,,,,,,,9.14,
2014-07-02,,,,,,,9.13,102.92
2014-07-03,,,,,,,9.13,103.75
2014-07-04,,,,,,,9.14,104.27
2014-07-07,,,,,,,9.08,104.3
2014-07-08,,,,,,,8.97,104.32
2014-07-09,,,,,,,8.97,102.74
2014-07-10,,,,,,,8.85,103.34
2014-07-11,,,,,,,8.89,103.04
2014-07-14,,,,,,,8.99,103.42
2014-07-15,,,,,,,8.95,104.18
2014-07-16,,,,,,,8.98,104.13
2014-07-17,,,,,,,8.96,104.1
2014-07-18,,,,,,,8.9,103.76
2014-07-21,,,,,,,8.91,103.66
2014-07-22,,,,,,,9.0,105.17
2014-07-23,,,,,,,8.98,106.37
2014-07-24,,,,,,,9.02,106.69
2014-07-25,,,,,,,9.01,106.61
2014-07-28,,,,,,,8.97,107.39
2014-07-29,,,,,,,8.99,108.05
2014-07-30,,,,,,,8.87,107.99
2014-07-31,,,,,,,8.74,108.19
2014-08-01,,,,,,,8.6,107.57
2014-08-04,,,,,,,8.59,108.09
2014-08-05,,,,,,,8.6,108.86
2014-08-06,,,,,,,8.51,108.75
2014-08-07,,,,,,,8.56,107.67
2014-08-08,,,,,,,8.5,107.72
2014-08-11,,,,,,,8.65,108.96
2014-08-12,,,,,,,8.64,109.73
2014-08-13,,,,,,,8.66,110.27
2014-08-14,,,,,,,8.7,109.71
2014-08-15,,,,,,,,
2014-08-18,,,,,,,8.78,109.71
2014-08-19,,,,,,,8.82,110.63
2014-08-20,,,,,,,8.8,110.83
2014-08-21,,,,,,,8.83,110.39
2014-08-22,,,,,,,8.83,111.1
2014-08-25,,,,,,,8.86,110.95
2014-08-26,,,,,,,8.87,110.72
2014-08-27,,,,,,,8.86,110.76
2014-08-28,,,,,,,8.86,109.61
2014-08-29,,,,,,,8.85,110.0
2014-09-01,,,,,,,8.86,110.31
2014-09-02,,,,,,,8.85,110.31
2014-09-03,,,,,,,8.95,111.88
2014-09-04,,,,,,,8.93,111.86
2014-09-05,,,,,,,8.91,111.72
2014-09-08,,,,,,,8.89,111.6
2014-09-09,,,,,,,8.79,
2014-09-10,,,,,,,8.75,110.05
2014-09-11,,,,,,,8.74,109.55
2014-09-12,,,,,,,8.73,109.75
2014-09-15,,,,,,,,
2014-09-16,,,,,,,8.62,
2014-09-17,,,,,,,,
2014-09-18,,,,,,,8.73,108.54
2014-09-19,,,,,,,8.76,109.63
2014-09-22,,,,,,,8.67,108.1
2014-09-23,,,,,,,8.59,107.57
2014-09-24,,,,,,,8.51,107.86
2014-09-25,,,,,,,8.47,108.02
2014-09-26,,,,,,,8.41,107.46
2014-09-29,,,,,,,8.4,105.61
2014-09-30,,,,,,,8.35,105.33
2014-10-01,,,,,,,8.31,
2014-10-02,,,,,,,8.24,
2014-10-03,,,,,,,8.22,105.33
2014-10-06,,,,,,,8.22,106.71
2014-10-07,,,,,,,8.13,107.54
2014-10-08,,,,,,,8.02,106.72
2014-10-09,,,,,,,8.06,107.78
2014-10-10,,,,,,,7.84,106.74
2014-10-13,,,,,,,7.8,105.23
2014-10-14,,,,,,,7.72,104.18
2014-10-15,,,,,,,7.65,105.02
2014-10-16,,,,,,,7.61,105.04
2014-10-17,,,,,,,7.84,105.35
2014-10-20,,,,,,,7.82,106.0
2014-10-21,,,,,,,7.95,106.34
2014-10-22,,,,,,,8.02,106.9
2014-10-23,,,,,,,8.01,106.7
2014-10-24,,,,,,,8.05,106.29
2014-10-27,,,,,,,8.04,106.04
2014-10-28,,,,,,,8.13,106.57
2014-10-29,,,,,,,8.19,107.72
2014-10-30,,,,,,,8.14,107.33
2014-10-31,,,,,,,8.29,108.5
2014-11-03,,,,,,,8.3,108.39
2014-11-04,,,,,,,8.3,107.9
2014-11-05,,,,,,,8.28,107.29
2014-11-06,,,,,,,8.31,107.06
2014-11-07,,,,,,,8.31,106.59
2014-11-10,,,,,,,8.36,107.02
2014-11-11,,,,,,,8.39,107.54
2014-11-12,,,,,,,8.31,108.13
2014-11-13,,,,,,,8.31,108.75
2014-11-14,,,,,,,8.24,109.98
2014-11-17,,,,,,,8.24,108.98
2014-11-18,,,,,,,8.36,107.88
2014-11-19,,,,,,,8.4,107.49
2014-11-20,,,,,,,8.41,106.89
2014-11-21,,,,,,,8.54,107.07
2014-11-24,,,,,,,8.52,108.48
2014-11-25,,,,,,,8.55,108.21
2014-11-26,,,,,,,8.55,108.41
2014-11-27,,,,,,,8.55,107.58
2014-11-28,,,,,,,8.4,107.05
2014-12-01,,,,,,,8.26,104.74
2014-12-02,,,,,,,8.26,104.95
2014-12-03,,,,,,,8.32,104.55
2014-12-04,,,,,,,8.31,105.62
2014-12-05,,,,,,,8.32,105.23
2014-12-08,,,,,,,8.31,104.59
2014-12-09,,,,,,,8.2,101.86
2014-12-10,,,,,,,8.2,103.26
2014-12-11,,,,,,,8.12,102.32
2014-12-12,,,,,,,8.05,103.11
2014-12-15,,,,,,,8.01,102.7
2014-12-16,,,,,,,7.89,101.28
2014-12-17,,,,,,,7.89,99.97
2014-12-18,,,,,,,8.03,100.93
2014-12-19,,,,,,,8.11,101.57
2014-12-22,,,,,,,8.15,101.82
2014-12-23,,,,,,,8.17,101.5
2014-12-24,,,,,,,,101.33
2014-12-25,,,,,,,,
2014-12-26,,,,,,,,
2014-12-29,,,,,,,8.23,102.88
2014-12-30,,,,,,,8.19,102.64
2014-12-31,,,,,,,8.18,102.97
2015-01-01,,,,,,,,
2015-01-02,,,,,,,8.17,103.89
2015-01-05,,,,,,,8.01,103.83
2015-01-06,,,,,,,7.93,103.55
2015-01-07,,,,,,,7.88,103.9
2015-01-08,,,,,,,7.97,104.29
2015-01-09,,,,,,,7.96,105.34
2015-01-12,,,,,,,7.89,104.52
2015-01-13,,,,,,,7.97,104.65
2015-01-14,,,,,,,7.82,104.34
2015-01-15,,,,,,,7.83,104.81
2015-01-16,,,,,,,7.81,103.97
2015-01-19,,,,,,,7.93,101.18
2015-01-20,,,,,,,7.93,102.55
2015-01-21,,,,,,,7.99,104.5
2015-01-22,,,,,,,8.05,104.81
2015-01-23,,,,,,,8.08,106.1
2015-01-26,,,,,,,8.14,106.91
2015-01-27,,,,,,,8.12,106.25
2015-01-28,,,,,,,8.14,106.21
2015-01-29,,,,,,,8.02,105.42
2015-01-30,,,,,,,8.09,105.04
2015-02-02,,,,,,,8.05,104.47
2015-02-03,,,,,,,8.25,105.0
2015-02-04,,,,,,,8.25,105.0
2015-02-05,,,,,,,8.27,104.57
2015-02-06,,,,,,,8.28,103.78
2015-02-09,,,,,,,8.22,103.04
2015-02-10,,,,,,,8.22,102.91
2015-02-11,,,,,,,8.19,102.45
2015-02-12,,,,,,,8.31,102.81
2015-02-13,,,,,,,8.34,103.71
2015-02-16,,,,,,,8.33,103.94
2015-02-17,,,,,,,8.31,104.07
2015-02-18,,,,,,,8.39,104.25
2015-02-19,,,,,,,8.4,
2015-02-20,,,,,,,8.34,
2015-02-23,,,,,,,8.42,104.97
2015-02-24,,,,,,,8.45,105.32
2015-02-25,,,,,,,8.48,105.52
2015-02-26,,,,,,,8.43,105.68
2015-02-27,,,,,,,8.41,105.32
2015-03-02,,,,,,,8.44,105.42
2015-03-03,,,,,,,8.41,104.75
2015-03-04,,,,,,,8.31,104.07
2015-03-05,,,,,,,8.39,103.83
2015-03-06,,,,,,,8.33,104.11
2015-03-09,,,,,,,8.26,104.07
2015-03-10,,,,,,,8.17,103.45
2015-03-11,,,,,,,8.12,102.68
2015-03-12,,,,,,,8.19,103.09
2015-03-13,,,,,,,8.1,103.57
2015-03-16,,,,,,,8.2,104.15
2015-03-17,,,,,,,8.21,104.46
2015-03-18,,,,,,,8.28,105.13
2015-03-19,,,,,,,8.32,106.03
2015-03-20,,,,,,,8.41,106.4
2015-03-23,,,,,,,8.46,107.49
2015-03-24,,,,,,,8.48,107.66
2015-03-25,,,,,,,8.48,108.45
2015-03-26,,,,,,,8.29,108.27
2015-03-27,,,,,,,8.31,108.54
2015-03-30,,,,,,,8.35,111.21
2015-03-31,,,,,,,8.3,111.77
2015-04-01,,,,,,,8.31,113.82
2015-04-02,,,,,,,8.43,116.28
2015-04-03,,,,,,,,
2015-04-06,,,,,,,,
2015-04-07,,,,,,,8.51,
2015-04-08,,,,,,,8.48,124.98
2015-04-09,,,,,,,8.49,127.94
2015-04-10,,,,,,,8.47,130.89
2015-04-13,,,,,,,8.51,136.71
2015-04-14,,,,,,,8.49,131.42
2015-04-15,,,,,,,8.53,131.86
2015-04-16,,,,,,,8.51,133.65
2015-04-17,,,,,,,8.41,132.7
2015-04-20,,,,,,,8.46,129.1
2015-04-21,,,,,,,8.49,132.05
2015-04-22,,,,,,,8.5,134.29
2015-04-23,,,,,,,8.47,133.74
2015-04-24,,,,,,,8.53,134.13
2015-04-27,,,,,,,8.6,135.53
2015-04-28,,,,,,,8.58,135.03
2015-04-29,,,,,,,8.56,134.87
2015-04-30,,,,,,,8.5,134.98
2015-05-01,,,,,,,,
2015-05-04,,,,,,,8.59,134.63
2015-05-05,,,,,,,8.57,132.14
2015-05-06,,,,,,,8.51,130.9
2015-05-07,,,,,,,8.5,128.53
2015-05-08,,,,,,,8.66,131.74
2015-05-11,,,,,,,8.7,133.23
2015-05-12,,,,,,,8.63,132.47
2015-05-13,,,,,,,8.74,132.19
2015-05-14,,,,,,,,
2015-05-15,,,,,,,8.79,134.32
2015-05-18,,,,,,,8.75,135.24
2015-05-19,,,,,,,8.72,136.23
2015-05-20,,,,,,,8.69,136.46
2015-05-21,,,,,,,8.77,136.02
2015-05-22,,,,,,,8.74,138.33
2015-05-25,,,,,,,,
2015-05-26,,,,,,,8.61,141.19
2015-05-27,,,,,,,8.63,140.72
2015-05-28,,,,,,,8.67,137.58
2015-05-29,,,,,,,8.71,138.12
2015-06-01,,,,,,,8.6,139.56
2015-06-02,,,,,,,8.64,138.74
2015-06-03,,,,,,,8.72,137.68
2015-06-04,,,,,,,8.7,137.42
2015-06-05,,,,,,,8.52,136.26
2015-06-08,,,,,,,8.53,136.34
2015-06-09,,,,,,,8.46,133.3
2015-06-10,,,,,,,8.61,132.4
2015-06-11,,,,,,,8.67,133.73
2015-06-12,,,,,,,8.56,136.12
2015-06-15,,,,,,,8.46,134.5
2015-06-16,,,,,,,8.52,132.56
2015-06-17,,,,,,,8.58,133.72
2015-06-18,,,,,,,8.6,133.94
2015-06-19,,,,,,,8.61,132.83
2015-06-22,,,,,,,8.71,133.45
2015-06-23,,,,,,,,
2015-06-24,,,,,,,8.69,136.12
2015-06-25,,,,,,,8.65,134.96
2015-06-26,,,,,,,8.61,131.9
2015-06-29,,,,,,,8.44,127.38
2015-06-30,,,,,,,8.37,129.35
2015-07-01,,,,,,,8.41,
2015-07-02,,,,,,,8.37,128.42
2015-07-03,,,,,,,8.33,125.94
2015-07-06,,,,,,,8.22,120.53
2015-07-07,,,,,,,8.06,115.64
2015-07-08,,,,,,,8.09,109.22
2015-07-09,,,,,,,8.21,116.92
2015-07-10,,,,,,,8.37,120.92
2015-07-13,,,,,,,8.44,123.53
2015-07-14,,,,,,,8.46,122.62
2015-07-15,,,,,,,8.42,120.92
2015-07-16,,,,,,,8.47,121.63
2015-07-17,,,,,,,8.4,124.51
2015-07-20,,,,,,,8.39,124.7
2015-07-21,,,,,,,8.38,125.28
2015-07-22,,,,,,,8.3,124.15
2015-07-23,,,,,,,8.33,125.3
2015-07-24,,,,,,,8.29,124.19
2015-07-27,,,,,,,8.16,119.14
2015-07-28,,,,,,,8.2,117.85
2015-07-29,,,,,,,8.26,118.52
2015-07-30,,,,,,,8.21,118.01
2015-07-31,,,,,,,8.3,118.21
2015-08-03,,,,,,,8.34,116.96
2015-08-04,,,,,,,8.31,117.26
2015-08-05,,,,,,,8.35,117.62
2015-08-06,,,,,,,8.24,117.33
2015-08-07,,,,,,,8.18,118.23
2015-08-10,,,,,,,8.25,119.36
2015-08-11,,,,,,,8.2,118.51
2015-08-12,,,,,,,8.08,115.24
2015-08-13,,,,,,,8.15,116.15
2015-08-14,,,,,,,8.17,116.14
2015-08-17,,,,,,,8.12,115.39
2015-08-18,,,,,,,8.17,113.5
2015-08-19,,,,,,,8.02,112.12
2015-08-20,,,,,,,7.87,108.7
2015-08-21,,,,,,,7.79,106.64
2015-08-24,,,,,,,7.42,100.96
2015-08-25,,,,,,,7.65,102.95
2015-08-26,,,,,,,7.55,101.84
2015-08-27,,,,,,,7.63,106.11
2015-08-28,,,,,,,7.73,105.97
2015-08-31,,,,,,,7.67,105.48
2015-09-01,,,,,,,7.59,102.99
2015-09-02,,,,,,,7.55,102.16
2015-09-03,,,,,,,7.62,
2015-09-04,,,,,,,7.47,101.57
2015-09-07,,,,,,,7.48,101.26
2015-09-08,,,,,,,7.63,104.33
2015-09-09,,,,,,,7.75,107.46
2015-09-10,,,,,,,7.63,105.76
2015-09-11,,,,,,,7.61,105.61
2015-09-14,,,,,,,7.57,105.37
2015-09-15,,,,,,,7.59,104.62
2015-09-16,,,,,,,7.67,106.61
2015-09-17,,,,,,,7.71,107.25
2015-09-18,,,,,,,7.59,107.87
2015-09-21,,,,,,,7.57,107.8
2015-09-22,,,,,,,7.4,107.29
2015-09-23,,,,,,,7.36,105.65
2015-09-24,,,,,,,7.24,105.16
2015-09-25,,,,,,,7.37,105.19
2015-09-28,,,,,,,7.25,
2015-09-29,,,,,,,7.21,102.99
2015-09-30,,,,,,,7.32,103.84
2015-10-01,,,,,,,7.37,
2015-10-02,,,,,,,7.35,106.86
2015-10-05,,,,,,,7.6,109.7
2015-10-06,,,,,,,7.74,109.9
2015-10-07,,,,,,,7.86,112.64
2015-10-08,,,,,,,7.83,112.5
2015-10-09,,,,,,,7.96,112.93
2015-10-12,,,,,,,7.85,114.26
2015-10-13,,,,,,,7.77,113.98
2015-10-14,,,,,,,7.8,113.13
2015-10-15,,,,,,,7.82,114.59
2015-10-16,,,,,,,7.8,116.07
2015-10-19,,,,,,,7.77,116.5
2015-10-20,,,,,,,7.78,116.91
2015-10-21,,,,,,,7.83,
2015-10-22,,,,,,,7.82,115.88
2015-10-23,,,,,,,7.89,116.77
2015-10-26,,,,,,,7.9,117.28
2015-10-27,,,,,,,7.81,117.3
2015-10-28,,,,,,,7.9,116.33
2015-10-29,,,,,,,7.85,116.5
2015-10-30,,,,,,,7.91,115.83
2015-11-02,,,,,,,7.97,115.81
2015-11-03,,,,,,,7.96,116.38
2015-11-04,,,,,,,7.97,118.45
2015-11-05,,,,,,,8.03,118.77
2015-11-06,,,,,,,7.95,119.19
2015-11-09,,,,,,,7.96,119.12
2015-11-10,,,,,,,7.87,117.88
2015-11-11,,,,,,,7.9,117.5
2015-11-12,,,,,,,7.83,119.55
2015-11-13,,,,,,,7.7,118.41
2015-11-16,,,,,,,7.73,116.62
2015-11-17,,,,,,,7.82,117.49
2015-11-18,,,,,,,7.77,117.5
2015-11-19,,,,,,,7.9,118.51
2015-11-20,,,,,,,7.92,119.85
2015-11-23,,,,,,,7.88,120.02
2015-11-24,,,,,,,7.84,120.26
2015-11-25,,,,,,,7.92,120.28
2015-11-26,,,,,,,7.96,120.36
2015-11-27,,,,,,,7.96,118.4
2015-11-30,,,,,,,8.01,118.18
2015-12-01,,,,,,,8.01,119.81
2015-12-02,,,,,,,7.99,120.54
2015-12-03,,,,,,,8.01,120.99
2015-12-04,,,,,,,7.97,120.21
2015-12-07,,,,,,,7.96,120.39
2015-12-08,,,,,,,7.86,119.72
2015-12-09,,,,,,,7.91,119.23
2015-12-10,,,,,,,7.77,118.57
2015-12-11,,,,,,,7.65,116.29
2015-12-14,,,,,,,7.68,116.3
2015-12-15,,,,,,,7.81,117.2
2015-12-16,,,,,,,7.97,118.81
2015-12-17,,,,,,,8.0,120.53
2015-12-18,,,,,,,7.9,119.93
2015-12-21,,,,,,,7.94,120.53
2015-12-22,,,,,,,7.9,120.55
2015-12-23,,,,,,,8.04,121.47
2015-12-24,,,,,,,,121.64
2015-12-25,,,,,,,,
2015-12-28,,,,,,,8.04,121.04
2015-12-29,,,,,,,8.11,120.9
2015-12-30,,,,,,,8.09,120.55
2015-12-31,,,,,,,8.02,120.81
2016-01-01,,,,,,,,
2016-01-04,,,,,,,7.88,117.57
2016-01-05,,,,,,,7.88,116.09
2016-01-06,,,,,,,7.79,115.82
2016-01-07,,,,,,,7.67,112.04
2016-01-08,,,,,,,7.66,111.34
2016-01-11,,,,,,,7.52,108.55
2016-01-12,,,,,,,7.55,107.84
2016-01-13,,,,,,,7.56,
2016-01-14,,,,,,,7.29,106.83
2016-01-15,,,,,,,7.18,105.43
2016-01-18,,,,,,,7.12,104.55
2016-01-19,,,,,,,7.19,106.86
2016-01-20,,,,,,,7.0,103.9
2016-01-21,,,,,,,7.0,101.74
2016-01-22,,,,,,,7.32,104.26
2016-01-25,,,,,,,7.26,105.31
2016-01-26,,,,,,,7.26,103.84
2016-01-27,,,,,,,7.35,103.16
2016-01-28,,,,,,,7.36,103.2
2016-01-29,,,,,,,7.45,105.9
2016-02-01,,,,,,,7.47,106.09
2016-02-02,,,,,,,7.41,106.19
2016-02-03,,,,,,,7.44,103.77
2016-02-04,,,,,,,7.52,104.26
2016-02-05,,,,,,,7.5,104.97
2016-02-08,,,,,,,7.25,
2016-02-09,,,,,,,7.31,
2016-02-10,,,,,,,7.33,
2016-02-11,,,,,,,7.24,99.39
2016-02-12,,,,,,,7.14,99.22
2016-02-15,,,,,,,7.34,101.89
2016-02-16,,,,,,,7.35,103.31
2016-02-17,,,,,,,7.52,104.9
2016-02-18,,,,,,,7.61,106.78
2016-02-19,,,,,,,7.52,106.21
2016-02-22,,,,,,,7.65,108.33
2016-02-23,,,,,,,7.63,107.6
2016-02-24,,,,,,,7.44,105.78
2016-02-25,,,,,,,7.62,104.95
2016-02-26,,,,,,,7.7,105.96
2016-02-29,,,,,,,7.68,104.63
2016-03-01,,,,,,,7.73,106.37
2016-03-02,,,,,,,7.74,108.7
2016-03-03,,,,,,,7.78,108.03
2016-03-04,,,,,,,7.85,108.72
2016-03-07,,,,,,,7.83,109.18
2016-03-08,,,,,,,7.8,108.31
2016-03-09,,,,,,,7.81,107.49
2016-03-10,,,,,,,7.88,107.39
2016-03-11,,,,,,,7.89,108.46
2016-03-14,,,,,,,7.92,110.3
2016-03-15,,,,,,,7.84,109.49
2016-03-16,,,,,,,7.86,109.07
2016-03-17,,,,,,,8.04,110.19
2016-03-18,,,,,,,8.1,112.75
2016-03-21,,,,,,,8.02,113.53
2016-03-22,,,,,,,8.07,113.52
2016-03-23,,,,,,,8.02,112.99
2016-03-24,,,,,,,7.93,111.62
2016-03-25,,,,,,,,
2016-03-28,,,,,,,,
2016-03-29,,,,,,,7.96,110.64
2016-03-30,,,,,,,8.21,112.74
2016-03-31,,,,,,,8.16,112.93
2016-04-01,,,,,,,8.03,111.78
2016-04-04,,,,,,,8.1,
2016-04-05,,,,,,,7.92,110.83
2016-04-06,,,,,,,7.86,110.94
2016-04-07,,,,,,,7.88,111.34
2016-04-08,,,,,,,7.96,111.58
2016-04-11,,,,,,,8.0,112.66
2016-04-12,,,,,,,7.95,112.97
2016-04-13,,,,,,,8.05,115.45
2016-04-14,,,,,,,8.08,116.93
2016-04-15,,,,,,,8.07,116.49
2016-04-18,,,,,,,8.05,115.9
2016-04-19,,,,,,,8.22,116.5
2016-04-20,,,,,,,8.17,115.89
2016-04-21,,,,,,,8.18,116.5
2016-04-22,,,,,,,8.2,116.14
2016-04-25,,,,,,,8.15,114.99
2016-04-26,,,,,,,8.18,114.66
2016-04-27,,,,,,,8.24,114.35
2016-04-28,,,,,,,8.21,114.24
2016-04-29,,,,,,,8.23,114.1
2016-05-02,,,,,,,8.23,
2016-05-03,,,,,,,8.14,113.15
2016-05-04,,,,,,,8.08,112.4
2016-05-05,,,,,,,,
2016-05-06,,,,,,,8.06,110.64
2016-05-09,,,,,,,8.05,110.08
2016-05-10,,,,,,,8.05,109.51
2016-05-11,,,,,,,8.1,109.76
2016-05-12,,,,,,,8.1,108.92
2016-05-13,,,,,,,8.03,107.64
2016-05-16,,,,,,,,
2016-05-17,,,,,,,8.07,110.02
2016-05-18,,,,,,,8.02,108.77
2016-05-19,,,,,,,7.93,107.72
2016-05-20,,,,,,,8.03,107.61
2016-05-23,,,,,,,8.05,107.49
2016-05-24,,,,,,,8.12,107.38
2016-05-25,,,,,,,8.22,109.73
2016-05-26,,,,,,,8.24,109.13
2016-05-27,,,,,,,8.24,110.62
2016-05-30,,,,,,,8.25,111.03
2016-05-31,,,,,,,8.27,112.19
2016-06-01,,,,,,,8.21,111.4
2016-06-02,,,,,,,8.25,111.49
2016-06-03,,,,,,,8.33,111.94
2016-06-06,,,,,,,8.37,112.46
2016-06-07,,,,,,,8.43,113.97
2016-06-08,,,,,,,8.42,113.6
2016-06-09,,,,,,,8.35,
2016-06-10,,,,,,,8.19,111.58
2016-06-13,,,,,,,8.05,109.27
2016-06-14,,,,,,,7.96,108.77
2016-06-15,,,,,,,8.02,109.15
2016-06-16,,,,,,,7.87,108.22
2016-06-17,,,,,,,8.06,108.23
2016-06-20,,,,,,,8.26,108.73
2016-06-21,,,,,,,8.18,109.82
2016-06-22,,,,,,,8.28,110.99
2016-06-23,,,,,,,,
2016-06-24,,,,,,,7.89,109.28
2016-06-27,,,,,,,7.6,109.51
2016-06-28,,,,,,,7.73,108.85
2016-06-29,,,,,,,7.93,110.12
2016-06-30,,,,,,,7.99,112.01
2016-07-01,,,,,,,8.14,
2016-07-04,,,,,,,8.08,113.5
2016-07-05,,,,,,,7.98,112.47
2016-07-06,,,,,,,7.86,111.67
2016-07-07,,,,,,,7.97,111.77
2016-07-08,,,,,,,7.97,111.65
2016-07-11,,,,,,,8.11,112.75
2016-07-12,,,,,,,8.19,114.5
2016-07-13,,,,,,,8.2,114.77
2016-07-14,,,,,,,8.26,115.37
2016-07-15,,,,,,,8.22,116.1
2016-07-18,,,,,,,8.22,115.74
2016-07-19,,,,,,,8.2,115.47
2016-07-20,,,,,,,8.22,115.86
2016-07-21,,,,,,,8.27,116.79
2016-07-22,,,,,,,8.28,116.62
2016-07-25,,,,,,,8.26,116.68
2016-07-26,,,,,,,8.3,117.24
2016-07-27,,,,,,,8.34,117.46
2016-07-28,,,,,,,8.37,116.91
2016-07-29,,,,,,,8.35,115.65
2016-08-01,,,,,,,8.37,116.16
2016-08-02,,,,,,,8.39,
2016-08-03,,,,,,,8.34,114.92
2016-08-04,,,,,,,8.38,115.32
2016-08-05,,,,,,,8.4,116.44
2016-08-08,,,,,,,8.46,118.35
2016-08-09,,,,,,,8.49,119.22
2016-08-10,,,,,,,8.42,118.98
2016-08-11,,,,,,,8.47,120.2
2016-08-12,,,,,,,8.52,121.41
2016-08-15,,,,,,,,
2016-08-16,,,,,,,8.55,124.46
2016-08-17,,,,,,,8.46,123.82
2016-08-18,,,,,,,8.64,125.1
2016-08-19,,,,,,,8.6,124.78
2016-08-22,,,,,,,8.64,124.93
2016-08-23,,,,,,,8.71,124.23
2016-08-24,,,,,,,8.69,123.71
2016-08-25,,,,,,,8.65,122.55
2016-08-26,,,,,,,8.67,123.21
2016-08-29,,,,,,,8.6,123.1
2016-08-30,,,,,,,8.63,124.23
2016-08-31,,,,,,,8.58,123.9
2016-09-01,,,,,,,8.59,124.51
2016-09-02,,,,,,,8.69,125.64
2016-09-05,,,,,,,8.72,127.59
2016-09-06,,,,,,,8.75,128.75
2016-09-07,,,,,,,8.81,129.44
2016-09-08,,,,,,,8.75,129.67
2016-09-09,,,,,,,8.64,129.76
2016-09-12,,,,,,,8.49,125.84
2016-09-13,,,,,,,8.51,126.02
2016-09-14,,,,,,,8.48,125.96
2016-09-15,,,,,,,8.46,126.93
2016-09-16,,,,,,,8.44,
2016-09-19,,,,,,,8.53,128.71
2016-09-20,,,,,,,8.54,128.86
2016-09-21,,,,,,,8.57,129.86
2016-09-22,,,,,,,8.75,131.25
2016-09-23,,,,,,,8.66,131.78
2016-09-26,,,,,,,8.59,129.36
2016-09-27,,,,,,,8.58,129.75
2016-09-28,,,,,,,8.66,130.36
2016-09-29,,,,,,,8.72,130.68
2016-09-30,,,,,,,8.64,128.93
2016-10-03,,,,,,,8.65,129.99
2016-10-04,,,,,,,8.66,130.41
2016-10-05,,,,,,,8.64,131.0
2016-10-06,,,,,,,8.65,131.77
2016-10-07,,,,,,,8.58,131.41
2016-10-10,,,,,,,8.59,
2016-10-11,,,,,,,8.49,130.87
2016-10-12,,,,,,,8.41,129.21
2016-10-13,,,,,,,8.35,128.06
2016-10-14,,,,,,,8.52,127.81
2016-10-17,,,,,,,8.46,127.3
2016-10-18,,,,,,,8.53,128.45
2016-10-19,,,,,,,8.54,128.57
2016-10-20,,,,,,,8.58,129.01
2016-10-21,,,,,,,8.5,
2016-10-24,,,,,,,8.54,129.72
2016-10-25,,,,,,,8.48,129.98
2016-10-26,,,,,,,8.4,129.28
2016-10-27,,,,,,,8.35,128.56
2016-10-28,,,,,,,8.34,128.29
2016-10-31,,,,,,,8.35,127.81
2016-11-01,,,,,,,,
2016-11-02,,,,,,,8.28,126.58
2016-11-03,,,,,,,8.22,125.21
2016-11-04,,,,,,,8.19,124.69
2016-11-07,,,,,,,8.28,125.85
2016-11-08,,,,,,,8.28,127.01
2016-11-09,,,,,,,8.11,125.99
2016-11-10,,,,,,,8.08,126.57
2016-11-11,,,,,,,8.05,124.25
2016-11-14,,,,,,,7.98,122.99
2016-11-15,,,,,,,8.03,122.51
2016-11-16,,,,,,,8.02,123.36
2016-11-17,,,,,,,8.03,123.71
2016-11-18,,,,,,,8.0,124.2
2016-11-21,,,,,,,8.01,124.51
2016-11-22,,,,,,,8.03,125.8
2016-11-23,,,,,,,8.01,125.16
2016-11-24,,,,,,,8.08,125.23
2016-11-25,,,,,,,8.11,125.79
2016-11-28,,,,,,,8.09,126.43
2016-11-29,,,,,,,8.05,125.91
2016-11-30,,,,,,,8.12,126.16
2016-12-01,,,,,,,8.11,125.69
2016-12-02,,,,,,,8.09,123.82
2016-12-05,,,,,,,8.13,123.37
2016-12-06,,,,,,,8.1,123.87
2016-12-07,,,,,,,8.16,123.86
2016-12-08,,,,,,,8.15,124.37
2016-12-09,,,,,,,8.15,123.69
2016-12-12,,,,,,,8.18,122.32
2016-12-13,,,,,,,8.22,122.33
2016-12-14,,,,,,,8.19,122.35
2016-12-15,,,,,,,8.05,120.58
2016-12-16,,,,,,,8.12,119.39
2016-12-19,,,,,,,8.13,118.0
2016-12-20,,,,,,,8.12,117.29
2016-12-21,,,,,,,8.14,118.03
2016-12-22,,,,,,,8.14,117.35
2016-12-23,,,,,,,8.12,116.72
2016-12-26,,,,,,,,
2016-12-27,,,,,,,8.15,
2016-12-28,,,,,,,8.15,118.08
2016-12-29,,,,,,,8.15,118.32
2016-12-30,,,,,,,8.21,119.43
2017-01-02,,,,,,,8.25,
2017-01-03,,,,,,100.0,8.19,119.11
2017-01-04,,,,,,100.0,8.24,119.8
2017-01-05,,,,,,100.5,8.29,121.35
2017-01-06,,,,,,100.4,8.3,122.44
2017-01-09,,,,,,102.7,8.28,122.32
2017-01-10,,,,,,104.2,8.3,123.82
2017-01-11,,,,,,104.5,8.29,124.71
2017-01-12,,,,,,103.6,8.37,124.11
2017-01-13,,,,,,104.2,8.36,124.19
2017-01-16,,,,,,106.6,8.34,123.59
2017-01-17,,,,,,105.2,8.35,123.88
2017-01-18,,,,,,104.1,8.33,124.8
2017-01-19,,,,,,103.3,8.3,124.48
2017-01-20,,,,,,103.4,8.31,125.0
2017-01-23,,,,,,102.3,8.32,125.28
2017-01-24,,,,,,102.3,8.38,125.59
2017-01-25,,,,,,101.8,8.5,126.32
2017-01-26,,,,,,102.2,8.48,127.51
2017-01-27,,,,,,102.8,8.47,126.87
2017-01-30,,,,,,102.9,8.38,
2017-01-31,,,,,,103.3,8.41,
2017-02-01,,,,,,103.1,8.49,126.83
2017-02-02,,,,,,102.4,8.48,126.39
2017-02-03,,,,,,103.9,8.49,126.34
2017-02-06,,,,,,104.3,8.47,127.7
2017-02-07,,,,,,104.7,8.45,128.0
2017-02-08,,,,,,103.8,8.45,128.91
2017-02-09,,,,,,103.6,8.49,130.06
2017-02-10,,,,,,104.6,8.47,130.27
2017-02-13,,,,,,105.0,8.54,131.43
2017-02-14,,,,,,105.6,8.54,131.54
2017-02-15,,,,,,106.1,8.52,131.34
2017-02-16,,,,,,106.1,8.57,132.28
2017-02-17,,,,,,106.6,8.53,131.9
2017-02-20,,,,,,106.6,8.58,131.91
2017-02-21,,,,,,106.5,8.6,131.64
2017-02-22,,,,,,106.8,8.58,133.15
2017-02-23,,,,,,106.3,8.67,133.9
2017-02-24,,,,,,105.4,8.61,132.72
2017-02-27,,,,,,106.1,8.62,131.45
2017-02-28,,,,,,106.9,8.65,131.26
2017-03-01,,,,,,107.8,8.67,131.5
2017-03-02,,,,,,109.7,8.67,132.2
2017-03-03,,,,,,109.1,8.63,130.95
2017-03-06,,,,,,109.1,8.61,131.72
2017-03-07,,,,,,109.3,8.6,132.33
2017-03-08,,,,,,109.7,8.63,132.7
2017-03-09,,,,,,109.4,8.61,131.81
2017-03-10,,,,,,110.2,8.65,131.79
2017-03-13,,,,,,110.6,8.66,133.67
2017-03-14,,,,,,111.8,8.65,134.35
2017-03-15,,,,,,111.1,8.66,134.32
2017-03-16,,,,,,112.4,8.79,136.48
2017-03-17,,,,,,111.6,8.77,137.19
2017-03-20,,,,,,112.1,8.81,138.51
2017-03-21,,,,,,112.8,8.8,139.32
2017-03-22,,,,,,110.6,8.7,137.29
2017-03-23,,,,,,110.8,8.77,137.44
2017-03-24,,,,,,111.1,8.8,138.04
2017-03-27,,,,,,111.1,8.75,136.92
2017-03-28,,,,,,111.6,8.85,137.14
2017-03-29,,,,,,113.2,,137.44
2017-03-30,,,,,,113.3,8.89,137.65
2017-03-31,10.0,,,,,112.4,8.88,137.18
2017-04-03,9.98,,,,,112.1,8.87,137.89
2017-04-04,9.89,,,,,113.0,8.84,
2017-04-05,9.88,,,,,113.1,8.85,138.3
2017-04-06,9.83,,,,,111.5,8.83,137.78
2017-04-07,9.88,,,,,112.4,8.83,138.35
2017-04-10,9.85,,,,,112.5,8.84,137.86
2017-04-11,9.84,,,,,112.6,8.88,137.27
2017-04-12,9.84,,,,,112.2,8.88,137.85
2017-04-13,9.69,,,,,111.7,8.87,137.71
2017-04-14,,,,,,,,
2017-04-17,,,,,,,,
2017-04-18,9.76,,,,,111.8,8.85,137.26
2017-04-19,9.77,,,,,109.7,8.9,137.21
2017-04-20,9.82,,,,,110.0,8.92,138.83
2017-04-21,9.89,,,,,110.6,8.92,139.19
2017-04-24,10.0,,,,,112.0,9.17,140.05
2017-04-25,10.0,,,,,112.8,9.24,141.78
2017-04-26,10.07,,,,,113.5,9.29,142.82
2017-04-27,10.03,,,,,112.9,9.26,142.52
2017-04-28,10.18,,,,,112.6,9.28,142.74
2017-05-01,,,,,,,,
2017-05-02,10.22,,,,,114.3,9.29,142.82
2017-05-03,10.23,,,,,113.8,9.36,
2017-05-04,10.19,,,,,113.6,9.37,141.99
2017-05-05,10.24,,,,,113.3,9.49,141.22
2017-05-08,10.35,,,,,114.2,9.46,141.53
2017-05-09,10.35,,,,,113.6,9.46,143.38
2017-05-10,10.43,,,,,113.7,9.46,144.64
2017-05-11,10.49,,,,,115.0,9.43,145.55
2017-05-12,10.42,,,,,115.3,9.44,146.02
2017-05-15,10.55,,,,,115.3,9.49,147.08
2017-05-16,10.66,,,,,116.6,9.53,146.51
2017-05-17,10.63,,,,,117.0,9.43,148.55
2017-05-18,10.28,,,,,114.7,9.36,145.62
2017-05-19,10.36,,,,,116.1,9.51,146.2
2017-05-22,10.44,,,,,116.8,9.58,148.34
2017-05-23,10.6,,,,,117.0,9.62,149.17
2017-05-24,10.6,,,,,116.8,9.59,148.52
2017-05-25,,,,,,117.0,,
2017-05-26,10.73,,,,,118.4,9.61,149.21
2017-05-29,,,,,,,9.6,149.08
2017-05-30,10.73,,,,,118.3,9.59,
2017-05-31,10.77,,,,,119.0,9.57,148.39
2017-06-01,10.74,,,,,119.2,9.62,148.58
2017-06-02,10.88,,,,,120.5,9.66,149.96
2017-06-05,,,,,,121.9,,
2017-06-06,10.93,,,,,121.7,9.66,150.88
2017-06-07,10.94,,,,,121.8,9.69,151.29
2017-06-08,10.94,,,,,121.3,9.62,153.61
2017-06-09,11.03,,,,,123.6,9.67,154.2
2017-06-12,10.63,,,,,122.6,9.61,151.25
2017-06-13,10.64,,,,,122.8,9.66,151.51
2017-06-14,10.73,,,,,123.8,9.71,151.06
2017-06-15,10.64,,,,,124.1,9.53,149.47
2017-06-16,10.66,,,,,123.1,9.57,149.08
2017-06-19,10.67,,,,,124.0,9.64,150.65
2017-06-20,10.79,,,,,126.0,9.6,152.11
2017-06-21,10.69,,,,,126.5,9.58,151.79
2017-06-22,10.81,,,,,127.0,9.6,152.78
2017-06-23,,,,,,126.6,,
2017-06-26,11.0,,,,,127.4,9.71,154.18
2017-06-27,10.89,,,,,126.4,9.63,154.28
2017-06-28,10.65,,,,,123.3,9.66,152.7
2017-06-29,10.82,,,,,123.2,9.66,153.72
2017-06-30,10.63,,,,,121.5,9.7,152.45
2017-07-03,10.59,,,,,121.5,9.74,152.79
2017-07-04,,,,,,120.8,9.68,151.05
2017-07-05,10.46,,,,,121.6,9.66,152.17
2017-07-06,10.55,,,,,121.3,9.6,153.16
2017-07-07,10.43,,,,,119.6,9.61,151.95
2017-07-10,10.56,,,,,120.9,9.66,152.15
2017-07-11,10.65,,,,,119.9,9.68,154.66
2017-07-12,10.77,,,,,121.7,9.83,155.87
2017-07-13,10.94,,,,,122.3,9.89,158.21
2017-07-14,10.9,,,,,122.0,9.96,158.93
2017-07-17,10.99,,,,,121.6,9.99,160.43
2017-07-18,10.97,,,,,122.2,10.03,160.13
2017-07-19,11.05,,,,,123.3,10.07,162.61
2017-07-20,11.12,,,,,123.9,10.08,162.82
2017-07-21,11.11,,,,,124.7,9.96,162.22
2017-07-24,11.09,,,,,124.4,9.97,162.88
2017-07-25,11.17,,,,,125.2,10.0,163.12
2017-07-26,11.16,,,,,124.4,9.97,162.64
2017-07-27,11.2,,,,,124.0,9.97,164.72
2017-07-28,11.03,,,,,123.2,9.93,163.44
2017-07-31,11.04,,,,,124.1,9.95,165.96
2017-08-01,10.93,,,,,122.7,9.93,167.21
2017-08-02,11.0,,,,,123.4,9.91,167.09
2017-08-03,10.88,,,,,124.6,9.89,165.65
2017-08-04,10.89,,,,,125.8,9.91,166.69
2017-08-07,11.03,,,,,127.2,9.93,167.99
2017-08-08,11.12,,,,,127.9,9.94,170.65
2017-08-09,11.07,,,,,127.7,9.84,170.03
2017-08-10,11.08,,,,,128.2,9.77,168.42
2017-08-11,10.77,,,,,125.7,9.71,163.35
2017-08-14,10.9,,,,,127.4,9.79,164.94
2017-08-15,,,,,,128.9,,
2017-08-16,11.0,,,,,129.2,9.81,166.88
2017-08-17,11.09,,,,,129.9,9.78,167.54
2017-08-18,10.87,,,,,128.8,9.7,166.87
2017-08-21,10.87,,,,,129.4,9.72,168.4
2017-08-22,10.85,,,,,130.6,9.74,170.64
2017-08-23,11.04,,,,,131.8,9.76,
2017-08-24,11.07,,,,,132.1,9.75,172.17
2017-08-25,11.08,,,,,132.3,9.8,172.75
2017-08-28,11.06,,,,,,9.82,170.0
2017-08-29,11.01,,,,,132.4,9.76,168.52
2017-08-30,11.09,,,,,132.9,9.79,169.66
2017-08-31,11.24,,,,,133.8,9.84,171.04
2017-09-01,11.34,,,,,134.6,9.92,171.34
2017-09-04,,,,,,134.5,9.94,171.67
2017-09-05,11.37,,,,,134.0,9.95,172.12
2017-09-06,11.28,,,,,133.1,9.96,171.49
2017-09-07,11.26,,,,,132.8,10.01,172.05
2017-09-08,11.35,,,,,132.5,10.04,173.32
2017-09-11,11.32,,,,,132.6,10.13,173.5
2017-09-12,11.47,,,,,133.2,10.14,174.77
2017-09-13,11.5,,,,,133.5,10.12,175.53
2017-09-14,11.49,,,,,134.2,10.09,175.9
2017-09-15,11.48,,,,,130.6,10.14,175.16
2017-09-18,11.54,,,,,130.4,10.18,177.17
2017-09-19,11.6,,,,,131.5,10.15,178.5
2017-09-20,11.58,,,,,130.6,10.2,179.35
2017-09-21,11.51,,,,,133.1,10.17,179.26
2017-09-22,11.48,,,,,132.4,10.19,178.24
2017-09-25,11.5,,,,,132.3,10.18,175.93
2017-09-26,11.23,,,,,131.9,10.15,173.51
2017-09-27,11.2,,,,,131.8,10.13,174.17
2017-09-28,11.42,,,,,131.3,10.17,174.59
2017-09-29,11.47,,,,,131.4,10.22,175.42
2017-10-02,11.58,,,,,132.8,10.22,
2017-10-03,11.66,,,,,134.3,10.25,179.39
2017-10-04,11.71,,,,,134.7,10.29,180.71
2017-10-05,11.75,,,,,136.3,10.3,
2017-10-06,11.8,,,,,137.0,10.24,181.37
2017-10-09,,,,,,136.4,10.26,181.44
2017-10-10,11.85,,,,,135.5,10.31,182.9
2017-10-11,11.87,,,,,136.7,10.35,183.01
2017-10-12,11.93,,,,,137.0,10.37,183.75
2017-10-13,11.93,,,,,136.8,10.41,183.1
2017-10-16,11.92,,,,,136.9,10.36,184.41
2017-10-17,11.91,,,,,,,
2017-10-18,11.89,,,,,,10.29,
2017-10-19,11.91,,,,,137.2,10.26,183.63
2017-10-20,11.86,,,,,137.1,10.32,183.8
2017-10-23,11.93,,,,,136.7,10.33,184.56
2017-10-24,11.88,,,,,136.3,10.29,182.81
2017-10-25,11.9,,,,,137.0,10.29,183.95
2017-10-26,11.78,,,,,135.5,10.32,181.7
2017-10-27,11.91,,,,,137.5,10.31,179.33
2017-10-30,12.03,,,,,137.8,10.35,179.32
2017-10-31,12.08,,,,,,10.39,179.44
2017-11-01,,,,,,138.4,,
2017-11-02,12.13,,,,,138.5,10.39,181.98
2017-11-03,12.05,,,,,140.6,10.28,182.47
2017-11-06,12.16,,,,,141.1,10.32,184.58
2017-11-07,12.19,,,,,141.0,10.29,188.25
2017-11-08,12.07,,,,,141.5,10.29,187.68
2017-11-09,12.09,,,,,141.5,10.09,188.95
2017-11-10,11.94,,,,,140.2,10.05,189.57
2017-11-13,11.96,,,,,140.9,9.94,188.85
2017-11-14,11.99,,,,,140.4,10.0,188.3
2017-11-15,11.95,,,,,138.8,9.94,185.54
2017-11-16,11.89,,,,,139.1,10.01,188.1
2017-11-17,12.07,,,,,140.5,9.98,190.28
2017-11-20,12.23,,,,,140.9,10.02,192.31
2017-11-21,12.28,,,,,142.0,10.04,194.22
2017-11-22,12.49,,,,,143.4,10.05,194.45
2017-11-23,,,,,,142.4,10.02,192.03
2017-11-24,12.47,,,,,142.4,10.08,193.4
2017-11-27,12.55,,,,,142.2,10.07,191.69
2017-11-28,12.34,,,,,142.6,10.12,190.79
2017-11-29,12.38,,,,,142.2,10.19,190.41
2017-11-30,11.95,,,,,139.6,10.2,186.37
2017-12-01,11.99,,,,,140.2,10.12,185.82
2017-12-04,11.87,,,,,140.2,10.11,185.98
2017-12-05,11.62,,,,,138.7,10.04,183.48
2017-12-06,11.66,,,,,138.4,10.01,180.69
2017-12-07,11.71,,,,,139.6,10.06,182.65
2017-12-08,11.83,,,,,138.7,10.09,186.13
2017-12-11,11.82,,,,,140.8,10.13,188.34
2017-12-12,11.96,,,,,140.4,10.12,188.32
2017-12-13,11.89,,,,,140.7,10.12,188.29
2017-12-14,11.92,493.42,,,,140.4,10.15,189.36
2017-12-15,11.87,497.24,,,,140.1,10.13,187.01
2017-12-18,11.98,498.45,,,,142.3,10.28,187.88
2017-12-19,12.15,499.08,,,,142.5,10.24,190.72
2017-12-20,12.05,500.44,,,,142.1,10.25,189.4
2017-12-21,12.03,501.59,,,,142.0,10.23,191.05
2017-12-22,11.98,503.19,,,,141.9,10.23,192.92
2017-12-25,,,,,,,,
2017-12-26,,,,,,,,
2017-12-27,11.85,505.33,,,,142.5,10.29,191.4
2017-12-28,11.87,505.89,,,,143.0,10.3,193.24
2017-12-29,11.85,501.04,,,,143.1,10.33,192.61
2018-01-01,,,,,,,,
2018-01-02,11.77,508.34,,,,142.2,10.33,196.03
2018-01-03,12.05,516.49,,,,143.8,10.37,199.3
2018-01-04,12.24,514.73,,,,145.9,10.49,202.09
2018-01-05,12.3,518.49,,,,146.6,10.55,202.14
2018-01-08,12.41,515.63,,,,146.9,10.6,204.07
2018-01-09,12.52,522.22,,,,147.6,10.56,205.65
2018-01-10,12.44,522.92,,,,148.1,10.51,206.47
2018-01-11,12.41,525.35,,,,147.1,10.56,206.06
2018-01-12,12.51,526.95,,,,146.3,10.63,207.22
2018-01-15,,,,,,146.0,10.72,205.73
2018-01-16,12.63,519.79,,,,146.5,10.74,208.73
2018-01-17,12.4,523.08,,,,146.2,10.7,206.41
2018-01-18,12.58,523.69,,,,146.4,10.74,208.06
2018-01-19,12.59,529.14,,,,146.6,10.74,209.79
2018-01-22,12.67,544.4,,,,147.6,10.73,211.99
2018-01-23,12.8,552.79,,,,148.5,10.78,213.38
2018-01-24,12.91,551.58,,,,147.2,10.82,212.87
2018-01-25,12.78,558.62,,,,145.1,10.75,211.44
2018-01-26,12.7,562.94,,,,145.8,10.85,216.95
2018-01-29,12.9,564.66,,,,147.7,10.82,217.07
2018-01-30,12.85,559.15,,,,146.5,10.76,214.06
2018-01-31,12.67,555.96,,,,145.6,10.81,213.85
2018-02-01,12.76,557.3,,,,144.7,10.76,213.19
2018-02-02,12.61,544.91,,,,144.6,10.6,210.94
2018-02-05,12.37,526.18,,,,142.1,10.43,207.87
2018-02-06,11.91,532.77,,,,138.3,10.21,199.76
2018-02-07,12.26,534.23,,,,140.2,10.29,199.27
2018-02-08,12.32,509.44,,,,141.1,10.16,199.09
2018-02-09,11.78,514.05,,,,137.5,10.04,190.87
2018-02-12,11.94,522.28,,,,140.6,10.12,193.96
2018-02-13,12.06,524.62,,,,141.2,10.16,197.13
2018-02-14,12.17,536.55,,,,142.2,10.17,200.55
2018-02-15,12.57,544.54,,,,143.9,10.42,205.27
2018-02-16,12.85,545.86,,,,146.1,10.43,
2018-02-19,,,,,,147.0,10.4,
2018-02-20,12.77,539.55,,,,145.9,10.42,206.78
2018-02-21,12.83,542.65,,,,147.0,10.4,209.2
2018-02-22,12.74,542.08,,,,147.1,10.36,207.55
2018-02-23,12.71,547.75,,,,146.3,10.31,209.57
2018-02-26,12.97,552.0,,,,147.0,10.35,212.46
2018-02-27,13.13,545.84,,,,147.9,10.36,209.48
2018-02-28,12.98,543.31,,,,147.1,10.26,206.77
2018-03-01,12.95,533.32,,,,147.4,10.06,208.85
2018-03-02,12.81,546.65,,,,145.0,10.0,204.66
2018-03-05,13.08,555.94,,,,145.6,10.04,202.72
2018-03-06,13.3,560.6,,,,147.8,10.22,205.78
2018-03-07,13.36,568.52,,,,147.7,10.19,205.82
2018-03-08,13.52,571.14,,,,149.8,10.31,208.93
2018-03-09,13.58,577.88,,,,150.4,10.35,210.16
2018-03-12,13.73,583.58,,,,152.3,10.41,213.1
2018-03-13,13.9,576.29,,,,153.8,10.45,213.89
2018-03-14,13.69,575.36,,,,152.8,10.38,212.35
2018-03-15,13.75,569.65,,,,152.7,10.38,214.47
2018-03-16,13.72,564.34,,,,152.4,10.37,215.44
2018-03-19,13.66,555.46,,,,151.5,10.3,215.58
2018-03-20,13.49,559.44,,,,150.1,10.33,216.01
2018-03-21,13.58,562.77,,,,150.7,10.36,216.55
2018-03-22,13.54,549.29,,,,150.1,10.22,213.76
2018-03-23,13.18,539.13,,,,146.3,10.2,206.77
2018-03-26,12.96,549.05,,,,145.8,10.21,206.87
2018-03-27,13.23,531.53,,,,147.9,10.23,210.34
2018-03-28,12.71,528.86,,,,144.2,10.18,204.8
2018-03-29,12.42,530.69,,,,145.3,10.22,203.85
2018-03-30,,,,,,,,
2018-04-02,,,,,,,,
2018-04-03,12.18,519.6,,,,143.2,10.13,203.82
2018-04-04,12.22,526.6,,,,142.1,10.04,200.91
2018-04-05,12.53,525.04,,,,145.2,10.21,
2018-04-06,12.46,510.73,,,,145.8,10.28,203.37
2018-04-09,12.3,521.68,,,,144.2,10.25,203.8
2018-04-10,12.33,533.35,,,,144.5,10.29,207.22
2018-04-11,12.62,533.92,,,,144.6,10.26,209.29
2018-04-12,12.62,541.98,,,,144.2,10.28,208.52
2018-04-13,12.8,536.77,,,,143.4,10.32,207.43
2018-04-16,12.72,538.59,,,,143.5,10.32,204.31
2018-04-17,12.74,550.34,,,,143.0,10.37,201.98
2018-04-18,13.0,554.64,,,,146.2,10.44,203.07
2018-04-19,13.01,549.93,,,,146.8,10.42,205.34
2018-04-20,12.85,547.09,,,,147.0,10.36,203.83
2018-04-23,12.71,542.9,,,,146.5,10.31,202.27
2018-04-24,12.64,535.79,,,,146.6,10.32,202.7
2018-04-25,12.43,532.42,,,,143.7,10.13,202.31
2018-04-26,12.3,539.5,,,,142.8,10.21,198.49
2018-04-27,12.51,542.5,,,,145.7,10.27,199.87
2018-04-30,12.45,535.36,,,,147.2,10.26,201.59
2018-05-01,,,,,,146.5,,
2018-05-02,12.49,538.89,,,,147.3,10.29,202.06
2018-05-03,12.41,533.96,,,,147.3,10.28,201.08
2018-05-04,12.39,543.92,,,,149.3,10.28,201.1
2018-05-07,12.57,550.65,,,,,10.41,202.89
2018-05-08,12.79,547.06,,,,152.9,10.35,206.28
2018-05-09,12.88,551.61,,,,152.3,10.42,207.67
2018-05-10,,,,,,153.7,,
2018-05-11,13.25,557.73,,,,155.8,10.54,211.31
2018-05-14,13.28,560.27,,,,155.3,10.57,212.41
2018-05-15,13.24,556.79,,,,155.2,10.47,211.97
2018-05-16,13.15,561.55,,,,154.7,10.5,211.3
2018-05-17,13.26,566.25,,,,155.0,10.55,212.12
2018-05-18,13.2,569.51,,,,155.4,10.57,212.1
2018-05-21,,,,,,156.2,,
2018-05-22,13.18,567.38,,,,156.3,10.67,212.28
2018-05-23,13.16,571.22,,,,156.8,10.48,211.31
2018-05-24,13.26,571.56,,,,157.6,10.44,212.57
2018-05-25,13.29,571.35,,,,158.1,10.35,212.72
2018-05-28,,,,,,,10.33,213.83
2018-05-29,13.18,569.91,,,,157.3,10.24,211.55
2018-05-30,13.28,578.03,,,,157.0,10.25,210.23
2018-05-31,13.41,573.44,,,,157.8,10.3,211.61
2018-06-01,13.31,580.47,,,,157.7,10.36,211.73
2018-06-04,13.53,580.98,,,,159.7,10.39,215.44
2018-06-05,13.7,589.68,,,,160.8,10.35,216.97
2018-06-06,13.82,593.84,,,,160.2,10.37,218.35
2018-06-07,13.91,584.65,,,,161.6,10.44,219.26
2018-06-08,13.76,589.3,,,,159.6,10.36,216.54
2018-06-11,13.81,589.76,,,,161.6,10.42,218.27
2018-06-12,13.93,595.9,,,,162.5,10.43,219.64
2018-06-13,14.04,597.92,,,,165.4,10.48,219.09
2018-06-14,14.0,604.36,,,,163.7,10.46,215.02
2018-06-15,14.11,603.27,,,,166.7,10.39,214.91
2018-06-18,14.06,605.57,,,,166.2,10.32,
2018-06-19,14.0,611.25,,,,164.7,10.19,210.42
2018-06-20,13.97,619.84,,,,165.5,10.23,210.82
2018-06-21,14.08,612.67,,,,166.3,10.18,209.6
2018-06-22,13.9,609.55,,,,163.3,10.21,208.65
2018-06-25,13.69,595.61,,,,162.3,10.1,206.73
2018-06-26,13.33,597.32,,,,160.1,10.1,202.81
2018-06-27,13.39,580.91,,,,160.8,10.14,199.65
2018-06-28,13.11,585.59,,,,160.0,9.88,197.21
2018-06-29,13.24,587.17,,,,160.9,10.04,201.79
2018-07-02,13.23,591.06,,,,159.7,9.93,200.93
2018-07-03,13.35,594.99,,,,160.0,10.04,199.31
2018-07-04,,,,,,159.4,9.95,197.3
2018-07-05,13.17,599.78,,,,159.3,10.03,196.87
2018-07-06,13.33,607.75,,,,159.0,10.09,196.74
2018-07-09,13.49,611.77,,,,160.7,10.22,200.94
2018-07-10,13.66,606.79,,,,162.4,10.23,201.1
2018-07-11,13.64,605.45,,,,161.9,10.16,198.97
2018-07-12,13.6,615.27,,,,162.7,10.14,199.85
2018-07-13,13.78,614.53,,,,166.0,10.18,202.02
2018-07-16,13.71,610.53,,,,164.8,10.24,201.45
2018-07-17,13.66,618.03,,,,163.7,10.22,200.01
2018-07-18,13.87,618.11,,,,167.8,10.26,200.67
2018-07-19,13.9,620.67,,,,168.2,10.23,200.54
2018-07-20,13.8,619.69,,,,169.0,10.25,200.62
2018-07-23,13.72,619.61,,,,167.7,10.23,199.43
2018-07-24,13.7,600.84,,,,168.2,10.27,200.7
2018-07-25,13.56,611.64,,,,166.8,10.22,201.99
2018-07-26,13.77,610.0,,,,168.8,10.24,202.92
2018-07-27,13.84,595.06,,,,168.7,10.28,199.67
2018-07-30,13.56,583.91,,,,166.2,10.26,196.92
2018-07-31,13.24,591.83,,,,162.4,10.25,193.51
2018-08-01,13.27,596.57,,,,164.8,10.22,192.6
2018-08-02,13.2,603.23,,,,166.6,10.12,189.92
2018-08-03,13.44,598.02,,,,170.8,10.15,188.05
2018-08-06,13.39,604.63,,,,170.4,10.09,186.75
2018-08-07,13.49,604.74,,,,170.6,10.19,188.7
2018-08-08,13.64,601.81,,,,173.3,10.18,189.69
2018-08-09,13.63,604.89,,,,173.2,10.19,191.31
2018-08-10,13.69,609.21,,,,172.9,9.97,190.89
2018-08-13,13.65,603.2,,,,170.9,9.94,188.99
2018-08-14,13.54,606.28,,,,170.7,9.88,186.24
2018-08-15,,,,,,170.9,,
2018-08-16,13.29,602.03,,,,168.1,9.85,179.39
2018-08-17,13.29,603.49,,,,168.7,9.87,180.42
2018-08-20,13.15,604.03,,,,168.6,10.02,181.66
2018-08-21,13.21,614.21,,,,168.2,10.13,185.79
2018-08-22,13.37,623.19,,,,169.0,10.04,185.71
2018-08-23,13.43,627.12,,,,170.3,10.02,186.82
2018-08-24,13.48,631.9,,,,172.1,10.06,184.02
2018-08-27,13.72,639.88,,,,,10.21,187.29
2018-08-28,13.82,640.99,,,,175.0,10.31,188.74
2018-08-29,13.81,647.53,,10.0,,175.4,10.29,188.17
2018-08-30,13.85,651.81,,10.17,,176.2,10.24,187.6
2018-08-31,13.77,656.52,,10.17,,176.2,10.17,184.8
2018-09-03,,,,,,177.6,10.12,184.0
2018-09-04,13.82,656.94,,10.06,,178.3,10.01,185.26
2018-09-05,13.79,644.03,,9.82,,176.2,10.0,181.4
2018-09-06,13.44,637.33,,9.61,,172.9,10.04,177.77
2018-09-07,13.24,639.73,,9.56,,172.2,9.95,177.21
2018-09-10,13.21,640.72,,9.58,,170.9,10.02,175.89
2018-09-11,13.28,641.93,,9.69,,170.9,9.96,173.69
2018-09-12,13.28,642.1,,9.72,,171.8,9.96,171.97
2018-09-13,13.27,646.25,,9.79,,171.6,10.05,174.63
2018-09-14,13.34,647.28,,9.86,,171.6,10.07,176.43
2018-09-17,13.39,632.8,,9.66,,171.7,10.09,174.96
2018-09-18,13.16,641.86,,9.83,,169.6,10.08,175.12
2018-09-19,13.28,638.86,,9.82,,170.0,10.14,177.18
2018-09-20,13.3,645.06,,9.87,,170.9,10.25,179.01
2018-09-21,13.41,644.17,,9.64,,171.7,10.33,183.51
2018-09-24,13.31,647.51,,9.68,,171.9,10.24,182.2
2018-09-25,13.32,653.68,,9.75,,172.6,10.17,181.13
2018-09-26,13.38,650.27,,9.76,,174.4,10.1,182.83
2018-09-27,13.33,652.49,,9.85,,174.1,10.05,182.31
2018-09-28,13.37,656.15,,9.69,,174.4,9.95,181.96
2018-10-01,13.28,646.76,,9.68,,175.3,10.01,
2018-10-02,13.29,634.62,,9.45,,174.5,9.92,179.19
2018-10-03,13.12,635.81,,9.48,,173.1,9.94,177.85
2018-10-04,13.16,620.32,,9.17,,171.0,9.79,176.25
2018-10-05,12.89,614.97,,8.99,,166.6,9.71,174.11
2018-10-08,,601.14,,,,163.8,9.57,170.39
2018-10-09,12.45,598.33,,8.86,,161.9,9.55,169.4
2018-10-10,12.38,576.72,,8.42,,159.5,9.41,168.36
2018-10-11,11.66,568.48,,8.33,,152.5,9.35,161.7
2018-10-12,11.78,581.27,,8.56,,153.7,9.26,165.2
2018-10-15,11.99,576.69,,8.5,,155.4,9.26,165.9
2018-10-16,12.0,600.9,,8.89,,154.0,9.39,165.65
2018-10-17,12.44,600.79,,8.83,,160.5,9.4,167.23
2018-10-18,12.38,591.88,,8.59,,160.3,9.35,165.55
2018-10-19,12.04,579.73,,8.44,,158.6,9.24,165.9
2018-10-22,11.83,578.34,,8.46,,157.8,9.21,170.48
2018-10-23,11.78,574.08,,8.51,,155.2,9.03,168.07
2018-10-24,11.9,545.59,,8.05,,156.5,8.98,165.9
2018-10-25,11.29,552.86,,8.43,,153.3,8.97,163.69
2018-10-26,11.6,546.13,,8.35,,153.1,8.85,164.74
2018-10-29,11.4,539.07,,8.27,,153.5,9.03,163.95
2018-10-30,11.33,550.7,,8.45,,153.2,8.93,160.65
2018-10-31,11.7,566.12,,8.68,,157.4,9.13,164.88
2018-11-01,,,,,,158.4,,
2018-11-02,12.5,589.34,,9.25,,162.2,9.33,178.97
2018-11-05,12.38,583.13,,9.12,,161.4,9.24,175.15
2018-11-06,12.2,583.36,,9.12,,160.6,9.31,175.08
2018-11-07,12.35,601.64,,9.34,,162.3,9.48,
2018-11-08,12.74,600.51,,9.2,,,,
2018-11-09,12.61,584.22,,9.02,,162.6,9.39,172.73
2018-11-12,,561.78,,,,162.9,9.31,170.8
2018-11-13,11.79,561.7,,8.76,,157.5,9.31,171.55
2018-11-14,11.91,548.89,,8.65,,156.4,9.37,171.69
2018-11-15,11.83,561.27,,8.9,,158.5,9.26,174.28
2018-11-16,12.16,568.8,,8.89,,160.0,9.33,175.75
2018-11-19,12.02,542.63,,8.47,,160.6,9.37,175.81
2018-11-20,11.35,540.05,,8.32,,154.9,9.17,171.97
2018-11-21,11.27,549.39,,8.49,,153.6,9.32,172.01
2018-11-22,,,,,,154.6,9.32,173.33
2018-11-23,11.41,554.82,,8.48,,154.1,9.26,172.44
2018-11-26,11.54,564.67,,8.75,,155.3,9.4,173.29
2018-11-27,11.8,562.84,,8.65,,157.5,9.33,174.4
2018-11-28,11.76,582.15,,8.96,,157.1,9.35,176.15
2018-11-29,12.22,584.83,,8.94,,159.9,9.46,176.13
2018-11-30,12.2,587.83,,9.02,,160.8,9.45,175.92
2018-12-03,12.55,602.94,,9.23,,163.9,9.64,180.71
2018-12-04,12.65,578.72,,8.81,,163.6,9.55,182.93
2018-12-05,,,,8.8,,160.4,9.38,179.85
2018-12-06,11.93,571.71,,8.84,,155.4,9.17,174.94
2018-12-07,12.23,553.09,,8.55,,158.6,9.31,174.23
2018-12-10,11.77,555.67,,8.63,,154.1,9.13,171.02
2018-12-11,11.9,559.57,,8.63,,156.3,9.22,171.49
2018-12-12,11.9,565.62,,8.78,,159.7,9.29,172.32
2018-12-13,12.11,558.52,,8.65,,159.5,9.33,174.63
2018-12-14,11.91,545.29,,8.47,,156.7,9.2,172.14
2018-12-17,11.78,528.59,,8.13,,156.7,9.12,171.23
2018-12-18,11.39,523.66,,8.12,,153.0,9.12,169.04
2018-12-19,11.44,516.21,,7.99,,152.7,9.12,167.36
2018-12-20,11.17,497.09,,7.7,,150.1,8.98,166.24
2018-12-21,10.94,481.02,,7.32,,147.4,8.9,165.27
2018-12-24,,,,7.2,,146.2,,163.95
2018-12-25,,,,,,,,
2018-12-26,,,,,,,,
2018-12-27,10.96,505.58,,7.63,,147.8,8.78,163.1
2018-12-28,11.21,506.91,,7.71,,151.1,8.99,165.35
2018-12-31,11.21,517.48,,7.82,,150.8,8.98,166.33
2019-01-01,,,,,,,,
2019-01-02,11.17,512.81,,7.85,,150.4,8.92,163.3
2019-01-03,11.18,496.68,,7.59,,148.9,8.9,161.88
2019-01-04,10.84,518.61,,8.04,,149.0,8.95,161.9
2019-01-07,11.3,538.62,,8.39,,152.1,9.1,165.68
2019-01-08,11.62,547.36,,8.41,,153.6,9.21,166.44
2019-01-09,11.78,558.6,,8.66,,156.4,9.35,169.56
2019-01-10,11.95,565.72,,8.7,,157.6,9.3,172.82
2019-01-11,12.04,563.62,,8.74,,159.3,9.29,173.72
2019-01-14,12.08,555.48,,8.59,,156.3,9.26,171.82
2019-01-15,11.98,569.19,,8.84,,155.7,9.26,174.02
2019-01-16,12.16,574.26,,8.85,,156.6,9.27,176.42
2019-01-17,12.16,577.22,,8.92,,156.4,9.26,176.67
2019-01-18,12.29,583.75,,8.95,,156.9,9.4,178.82
2019-01-21,,,,,,157.6,9.44,179.5
2019-01-22,12.49,573.47,,8.62,,155.9,9.37,178.08
2019-01-23,12.12,569.05,,8.54,,153.7,9.36,178.38
2019-01-24,12.12,575.57,,8.71,,152.1,9.4,179.23
2019-01-25,12.38,584.37,,8.93,,152.5,9.53,180.97
2019-01-28,12.65,576.6,,8.74,,152.7,9.49,182.11
2019-01-29,12.47,571.7,,8.65,,151.0,9.57,181.92
2019-01-30,12.29,582.48,,8.86,,151.4,9.57,182.19
2019-01-31,12.62,592.98,,9.01,,154.0,9.62,185.83
2019-02-01,12.86,593.75,,9.03,,155.9,9.68,187.29
2019-02-04,12.97,598.08,,9.17,,156.6,9.65,187.45
2019-02-05,13.13,599.39,,9.2,,157.3,9.75,
2019-02-06,13.27,599.92,,9.2,,159.4,9.84,
2019-02-07,13.35,589.51,,8.9,,159.2,9.7,
2019-02-08,13.12,589.17,,8.98,,156.4,9.54,186.83
2019-02-11,13.21,593.2,,9.07,,157.0,9.6,188.92
2019-02-12,13.23,602.15,,9.25,,159.3,9.72,190.13
2019-02-13,13.47,603.67,,9.32,,161.0,9.8,191.74
2019-02-14,13.45,606.99,,9.34,,160.9,9.84,191.93
2019-02-15,13.48,617.97,,9.43,,160.1,9.89,188.22
2019-02-18,,,,,,160.9,9.94,190.25
2019-02-19,13.59,616.12,,9.45,,161.2,9.93,188.91
2019-02-20,13.66,616.38,,9.53,,159.9,10.04,190.01
2019-02-21,13.6,611.11,,9.37,,160.2,10.03,191.53
2019-02-22,13.51,615.32,,9.58,,160.2,10.11,192.89
2019-02-25,13.84,625.74,,9.7,,160.2,10.17,196.82
2019-02-26,13.91,620.02,,9.63,,160.0,10.17,197.92
2019-02-27,13.86,627.06,,9.77,,158.5,10.13,197.44
2019-02-28,13.9,618.77,,9.74,,158.6,10.1,197.64
2019-03-01,13.91,635.36,,9.78,,160.6,10.21,199.72
2019-03-04,13.91,625.7,,9.67,,161.3,10.2,201.47
2019-03-05,13.76,623.73,,9.68,,160.1,10.14,202.56
2019-03-06,13.75,604.54,,9.48,,160.5,10.11,202.64
2019-03-07,13.6,602.23,,9.33,,158.4,10.01,199.75
2019-03-08,13.48,599.03,,9.38,,157.7,9.96,194.54
2019-03-11,13.54,613.95,,9.7,,160.2,10.08,196.81
2019-03-12,13.82,619.46,,9.73,,159.9,10.16,200.19
2019-03-13,13.83,631.56,,9.81,,161.0,10.21,198.36
2019-03-14,13.88,630.49,,9.75,,161.4,10.24,199.03
2019-03-15,13.86,634.64,,9.83,,161.6,10.3,199.24
2019-03-18,13.9,634.47,,9.81,,163.0,10.34,204.14
2019-03-19,13.84,636.41,,9.83,,162.2,10.38,204.18
2019-03-20,13.89,636.14,,9.86,,163.3,10.3,205.09
2019-03-21,13.86,644.55,,10.06,,164.7,10.31,203.93
2019-03-22,14.18,617.34,,9.65,,165.5,10.15,204.3
2019-03-25,13.74,612.16,,9.63,,159.9,10.09,199.6
2019-03-26,13.66,613.61,,9.67,,159.6,10.12,201.27
2019-03-27,13.67,601.56,,9.56,,159.1,10.05,203.73
2019-03-28,13.52,608.21,,9.67,,158.5,10.06,203.81
2019-03-29,13.58,619.29,,9.79,,161.3,10.05,208.02
2019-04-01,13.84,616.02,,9.93,,162.4,10.2,211.54
2019-04-02,14.04,621.98,,10.01,,162.2,10.25,211.89
2019-04-03,14.06,627.73,,10.21,,161.8,10.39,214.09
2019-04-04,14.23,623.8,,10.07,,163.0,10.41,214.93
2019-04-05,14.08,632.24,,10.23,,163.6,10.47,
2019-04-08,14.18,630.61,,10.21,,165.5,10.48,218.37
2019-04-09,14.21,627.0,,10.11,,165.7,10.47,219.72
2019-04-10,14.1,634.26,,10.24,,165.3,10.47,220.66
2019-04-11,14.22,626.99,,10.13,,165.6,10.49,217.43
2019-04-12,14.21,622.61,,10.15,,165.1,10.55,217.87
2019-04-15,14.28,623.97,,10.04,,165.9,10.56,218.23
2019-04-16,14.21,616.49,,10.09,,166.2,10.61,218.54
2019-04-17,14.3,593.2,,9.84,,166.9,10.68,218.58
2019-04-18,14.25,593.06,,9.83,,165.1,10.66,217.62
2019-04-19,,,,,,,,
2019-04-22,,,,,,,,
2019-04-23,14.31,608.42,,10.11,,165.0,10.54,217.26
2019-04-24,14.45,609.87,,10.03,,166.6,10.56,218.17
2019-04-25,14.42,612.05,,9.94,,165.0,10.51,214.45
2019-04-26,14.34,620.81,,9.96,,165.4,10.5,216.12
2019-04-29,14.35,622.16,,9.99,,165.6,10.55,219.56
2019-04-30,14.39,614.15,,9.88,,165.6,10.61,219.07
2019-05-01,,,,,,164.9,,
2019-05-02,14.22,611.22,,9.83,,163.5,10.58,220.25
2019-05-03,14.22,623.13,,10.1,,164.3,10.58,221.04
2019-05-06,14.24,625.43,,10.17,,,10.46,214.91
2019-05-07,14.3,612.58,,9.87,,163.8,10.41,214.05
2019-05-08,13.98,610.47,,9.68,,162.2,10.35,210.27
2019-05-09,,,,,,161.8,,
2019-05-10,13.86,614.68,,9.65,,162.1,10.28,208.16
2019-05-13,13.69,593.58,,9.14,,160.5,10.13,
2019-05-14,13.17,605.08,,9.31,,159.4,10.13,202.03
2019-05-15,13.42,610.61,,9.41,,160.7,10.09,206.29
2019-05-16,13.54,620.29,,9.46,,161.8,10.2,207.67
2019-05-17,13.58,612.46,857.31,9.18,,163.0,10.18,204.32
2019-05-20,13.33,606.7,846.5,9.0,,161.3,10.06,199.43
2019-05-21,13.06,619.18,858.38,9.17,,160.7,10.13,198.62
2019-05-22,13.28,616.08,860.19,9.04,,162.0,10.17,199.64
2019-05-23,13.11,604.55,843.01,8.79,,161.7,10.0,195.78
2019-05-24,12.97,613.15,847.22,8.81,,160.5,10.09,195.77
2019-05-27,,,860.94,,,,10.09,196.05
2019-05-28,13.01,612.26,869.11,8.77,,161.6,10.1,197.91
2019-05-29,12.93,599.87,867.83,8.69,,160.8,9.91,198.29
2019-05-30,,,,,,160.1,,
2019-05-31,12.86,596.64,863.32,8.52,,159.8,9.87,197.6
2019-06-03,12.75,596.24,861.3,8.41,,160.3,9.95,197.94
2019-06-04,12.63,609.89,851.9,8.74,,159.7,10.09,196.66
2019-06-05,13.02,612.44,853.04,8.8,,161.4,10.2,198.29
2019-06-06,13.14,609.74,840.67,8.81,,163.1,10.24,196.5
2019-06-07,13.23,619.49,,9.03,,162.8,10.37,
2019-06-10,,,,,,165.3,,
2019-06-11,13.54,620.2,889.97,9.05,,167.5,10.47,204.13
2019-06-12,13.5,625.98,883.1,9.02,,167.0,10.42,203.73
2019-06-13,13.4,628.55,879.56,9.13,,167.7,10.44,203.45
2019-06-14,13.51,620.43,872.06,9.01,,167.9,10.34,202.34
2019-06-17,13.34,637.11,872.09,9.28,,168.0,10.34,202.0
2019-06-18,13.41,643.94,874.75,,,169.5,10.46,203.82
2019-06-19,13.67,648.81,895.48,,,,,
2019-06-20,13.84,649.04,933.13,,,,,
2019-06-21,13.85,647.4,935.8,9.49,,,,
2019-06-24,13.78,635.55,938.27,9.36,,170.4,10.65,212.32
2019-06-25,13.72,632.29,929.89,9.3,,169.2,10.66,210.11
2019-06-26,13.45,624.01,932.97,9.32,,169.6,10.64,209.75
2019-06-27,13.55,639.61,952.08,9.56,,168.0,10.65,212.8
2019-06-28,13.72,652.72,952.91,10.03,,168.8,10.7,213.7
2019-07-01,13.85,655.56,,10.03,,173.2,10.78,
2019-07-02,13.88,651.12,978.22,9.93,,173.5,10.72,219.06
2019-07-03,13.86,657.26,965.41,10.05,,173.8,10.77,218.11
2019-07-04,,,956.41,,,174.9,10.82,217.59
2019-07-05,13.93,654.77,964.04,10.0,,174.2,10.67,218.41
2019-07-08,13.93,647.17,945.99,9.9,,173.5,10.66,214.97
2019-07-09,13.88,652.01,944.53,10.09,,172.1,10.6,211.94
2019-07-10,13.97,656.03,943.77,10.15,,173.2,10.64,213.55
2019-07-11,14.07,656.13,945.48,10.17,,173.9,10.58,213.2
2019-07-12,14.16,,951.78,10.12,,171.2,10.58,213.65
2019-07-15,14.3,657.58,954.91,10.16,,171.5,10.62,214.61
2019-07-16,14.36,649.35,951.44,10.1,,172.6,10.62,215.8
2019-07-17,14.27,650.76,949.99,10.14,,173.9,10.61,215.82
2019-07-18,14.26,653.83,940.44,10.2,,172.5,10.52,214.25
2019-07-19,14.27,650.11,951.49,10.09,,174.1,10.6,215.03
2019-07-22,14.17,651.61,948.64,10.18,,173.4,10.6,213.55
2019-07-23,14.31,651.11,951.94,10.22,,174.8,10.63,213.88
2019-07-24,14.41,656.5,961.22,10.41,,174.4,10.72,216.05
2019-07-25,14.68,646.07,970.37,10.1,,174.1,10.68,218.27
2019-07-26,14.36,653.67,975.27,10.32,,173.8,10.64,215.01
2019-07-29,14.51,653.79,974.79,10.28,,176.6,10.66,214.15
2019-07-30,14.36,655.75,976.36,10.38,,179.0,10.53,213.38
2019-07-31,14.34,650.58,965.11,10.14,,179.0,10.56,211.43
2019-08-01,14.14,643.65,954.01,10.01,,178.7,10.51,210.63
2019-08-02,13.82,630.43,933.37,9.66,,175.2,10.36,205.83
2019-08-05,13.51,609.59,899.82,9.25,,170.4,10.15,201.29
2019-08-06,13.31,615.94,901.08,9.33,,169.1,10.15,199.09
2019-08-07,13.29,619.57,895.32,9.45,,170.9,10.14,199.4
2019-08-08,13.33,634.8,913.29,9.62,,170.8,10.28,201.38
2019-08-09,13.74,628.8,904.94,9.48,,171.9,10.24,201.36
2019-08-12,13.65,620.54,921.57,9.28,,171.0,10.2,201.21
2019-08-13,13.37,626.67,912.94,9.47,,168.2,10.23,199.55
2019-08-14,13.62,609.98,924.35,9.15,,169.9,10.06,201.4
2019-08-15,,,,,,166.3,,
2019-08-16,13.25,617.9,930.19,9.36,,165.4,10.01,203.61
2019-08-19,13.42,622.16,949.84,9.55,,167.6,10.18,208.72
2019-08-20,13.52,621.91,945.36,9.49,,169.4,10.13,210.08
2019-08-21,13.47,628.91,947.73,9.58,,168.8,10.25,210.23
2019-08-22,13.63,624.06,944.39,9.43,,169.2,10.25,210.29
2019-08-23,13.59,610.63,956.5,9.12,,167.9,10.13,211.29
2019-08-26,13.26,615.59,937.96,9.17,,,10.08,207.55
2019-08-27,13.31,605.1,944.46,9.04,,165.5,10.14,208.42
2019-08-28,13.27,608.02,942.14,9.09,,166.7,10.04,208.4
2019-08-29,13.37,614.48,947.19,9.27,,167.4,10.18,210.29
2019-08-30,13.53,612.57,949.01,9.29,,170.3,10.3,211.78
2019-09-02,,,960.49,,,170.5,10.27,212.59
2019-09-03,13.53,599.15,963.1,9.05,,170.7,10.22,211.98
2019-09-04,13.46,602.24,967.76,9.08,,169.7,10.33,214.0
2019-09-05,13.68,613.06,977.73,9.23,,170.7,10.49,215.37
2019-09-06,13.83,610.19,985.88,9.2,,171.5,10.5,217.49
2019-09-09,13.81,601.11,995.12,9.17,,171.0,10.51,216.29
2019-09-10,13.68,606.77,990.7,9.28,,169.3,10.57,215.29
2019-09-11,13.67,615.09,983.27,9.51,,171.5,10.7,213.36
2019-09-12,13.85,615.95,998.21,9.52,,174.1,10.76,215.03
2019-09-13,13.91,618.52,,9.46,,173.0,10.87,216.74
2019-09-16,13.82,621.08,999.57,9.49,,173.0,10.79,216.54
2019-09-17,13.85,625.29,983.21,9.51,,172.3,10.74,214.66
2019-09-18,13.93,622.1,993.49,9.42,,172.8,10.8,216.6
2019-09-19,13.76,622.82,998.75,9.38,,172.9,10.86,215.47
2019-09-20,13.79,630.08,1007.29,9.37,,171.6,10.81,215.65
2019-09-23,13.5,622.07,997.03,9.32,,172.3,10.69,214.15
2019-09-24,13.45,610.85,1007.07,9.0,,173.2,10.76,214.02
2019-09-25,13.16,604.71,992.04,9.04,,170.1,10.6,211.14
2019-09-26,13.29,590.72,979.64,9.0,,173.3,10.69,212.64
2019-09-27,13.29,581.48,987.22,8.92,,172.9,10.66,212.55
2019-09-30,12.98,585.63,968.77,8.98,,172.2,10.65,209.64
2019-10-01,13.15,574.92,,8.76,,173.5,10.67,
2019-10-02,13.01,566.04,,8.63,,170.6,10.36,209.09
2019-10-03,12.84,576.41,,8.71,,168.2,10.31,210.45
2019-10-04,13.08,585.2,,8.81,,170.0,10.43,211.97
2019-10-07,13.24,582.52,,8.82,,171.2,10.48,
2019-10-08,13.25,568.96,975.99,8.51,,172.4,10.31,213.27
2019-10-09,12.93,573.09,976.24,8.64,,170.2,10.33,211.64
2019-10-10,13.12,576.57,994.36,8.65,,170.5,10.42,212.75
2019-10-11,13.18,581.68,1008.39,8.78,,169.4,10.65,215.71
2019-10-14,,584.8,1020.77,,,170.6,10.62,218.09
2019-10-15,13.35,596.17,1011.74,9.02,,170.9,10.62,218.77
2019-10-16,13.63,594.05,1004.62,8.93,,171.4,10.67,221.1
2019-10-17,13.33,603.31,1010.89,8.95,,169.4,10.76,222.19
2019-10-18,13.42,599.13,998.57,8.75,,169.2,10.74,220.71
2019-10-21,13.13,603.03,998.58,8.85,,168.1,10.86,219.1
2019-10-22,13.3,596.58,1004.66,8.75,,169.6,10.86,219.2
2019-10-23,13.08,595.76,1000.0,8.72,,169.8,10.84,215.89
2019-10-24,13.01,600.06,995.92,8.9,,171.5,10.86,216.66
2019-10-25,13.35,600.39,1005.64,9.06,,172.9,10.82,220.3
2019-10-28,13.55,615.55,1012.6,9.29,,173.2,10.96,221.99
2019-10-29,13.82,621.59,1010.02,9.22,,174.6,10.95,222.0
2019-10-30,13.74,616.52,1012.17,9.24,,173.2,10.92,221.64
2019-10-31,13.85,618.15,1011.51,9.2,,172.2,10.94,223.56
2019-11-01,,,,,,172.1,,
2019-11-04,13.91,632.02,,9.45,,176.3,11.2,227.23
2019-11-05,13.97,630.7,1059.47,9.43,,177.7,11.13,229.0
2019-11-06,13.88,626.42,1053.54,9.39,,176.6,11.11,229.4
2019-11-07,13.81,635.19,1060.38,9.39,,178.4,11.18,230.84
2019-11-08,13.63,644.55,1053.29,9.52,,179.1,11.09,230.68
2019-11-11,,640.66,1035.92,,,179.4,11.09,227.79
2019-11-12,13.85,644.74,1039.4,9.67,,179.6,11.12,228.79
2019-11-13,13.94,645.01,1043.14,9.64,,178.7,11.1,227.12
2019-11-14,14.05,645.0,1050.0,9.68,,179.2,11.09,225.68
2019-11-15,14.05,655.89,1049.42,9.85,,180.0,11.17,225.0
2019-11-18,14.32,650.83,1054.0,9.84,,180.8,11.14,227.11
2019-11-19,14.34,660.81,1066.7,10.04,,181.3,11.19,228.94
2019-11-20,14.35,661.95,1054.91,10.05,,182.7,11.15,228.52
2019-11-21,14.41,659.73,1048.6,9.99,,182.2,11.07,225.78
2019-11-22,14.33,665.02,1034.13,10.05,,183.1,11.03,225.75
2019-11-25,14.42,678.86,1036.93,10.32,,182.7,11.13,226.61
2019-11-26,14.61,679.39,1041.38,10.38,,183.7,11.19,227.09
2019-11-27,14.68,680.66,1047.4,10.43,,185.0,11.22,228.14
2019-11-28,,,1039.69,,,183.5,11.23,229.57
2019-11-29,14.7,680.48,1029.04,10.46,,184.3,11.2,225.76
2019-12-02,14.63,668.65,1029.1,10.17,,184.5,11.14,225.57
2019-12-03,14.16,674.25,1033.82,10.19,,182.0,11.03,225.24
2019-12-04,14.21,678.74,1029.85,10.2,,181.8,11.21,223.64
2019-12-05,14.27,673.71,1044.96,10.14,,181.6,11.21,224.6
2019-12-06,14.23,681.16,1054.22,10.25,,181.9,11.31,227.67
2019-12-09,14.27,675.13,1050.38,10.16,,182.3,11.29,227.25
2019-12-10,14.21,677.26,1057.06,10.2,,180.8,11.26,226.21
2019-12-11,14.15,670.06,1058.78,10.14,,182.0,11.34,227.67
2019-12-12,14.13,668.92,1058.56,10.22,,182.4,11.48,229.5
2019-12-13,14.14,672.3,1085.58,10.16,,181.4,11.6,232.92
2019-12-16,14.14,681.85,1083.34,10.38,,183.0,11.66,232.44
2019-12-17,14.36,683.77,1093.53,10.39,,187.6,11.68,235.29
2019-12-18,14.26,689.01,1088.06,10.46,,188.5,11.63,235.95
2019-12-19,14.35,692.33,1081.53,10.53,,188.1,11.66,235.96
2019-12-20,14.48,695.99,1080.44,10.54,,189.8,11.69,235.3
2019-12-23,14.55,702.13,1070.91,10.67,,191.2,11.71,236.43
2019-12-24,,,,,,193.7,,236.73
2019-12-25,,,,,,,,
2019-12-26,,,,,,,,
2019-12-27,14.74,696.68,1088.15,10.61,,192.3,11.83,238.95
2019-12-30,14.66,691.15,1105.71,10.35,,192.5,11.78,239.43
2019-12-31,14.45,693.93,1112.83,10.41,,189.8,11.8,238.27
2020-01-01,,,,,,,,
2020-01-02,14.53,690.93,1131.13,10.5,,191.4,11.84,239.93
2020-01-03,14.75,685.27,1122.18,10.43,,191.5,11.75,241.68
2020-01-06,14.66,689.72,1115.78,10.52,,189.3,11.67,240.02
2020-01-07,14.89,692.58,1128.16,10.64,,192.3,11.72,242.52
2020-01-08,14.98,695.9,1115.42,10.86,,192.5,11.73,241.7
2020-01-09,15.08,701.83,1142.63,10.88,,196.3,11.74,245.08
2020-01-10,15.18,707.17,1150.56,10.81,,197.6,11.79,247.58
2020-01-13,15.12,706.48,1170.09,11.03,,199.5,11.81,249.75
2020-01-14,15.39,714.87,1163.1,11.08,,200.4,11.82,251.0
2020-01-15,15.34,716.67,1163.45,11.11,,200.4,11.87,250.98
2020-01-16,15.31,729.59,1164.45,11.23,,199.4,11.89,252.29
2020-01-17,15.44,727.8,1168.19,11.16,,199.5,11.98,254.04
2020-01-20,,,1180.76,,,200.6,12.0,251.79
2020-01-21,15.43,729.05,1157.1,11.15,,198.8,11.98,246.91
2020-01-22,15.46,733.0,1170.56,11.19,,201.0,12.07,247.4
2020-01-23,15.46,727.41,1126.41,11.19,,200.3,12.0,242.15
2020-01-24,15.51,716.68,,11.0,,201.4,12.12,241.62
2020-01-27,15.27,710.56,,10.81,,197.3,11.9,
2020-01-28,15.04,718.77,,11.0,,197.2,11.9,
2020-01-29,15.34,720.88,,11.01,,199.8,11.98,237.69
2020-01-30,15.33,710.8,,11.02,,201.3,11.89,234.02
2020-01-31,15.4,700.03,,10.79,,199.2,11.84,231.25
2020-02-03,15.07,707.22,1026.88,11.24,,198.4,11.78,231.65
2020-02-04,15.39,723.21,1074.03,11.73,,207.0,11.99,238.99
2020-02-05,15.83,730.88,1092.28,11.52,,212.3,12.15,242.95
2020-02-06,15.48,734.12,1101.79,11.65,,210.4,12.19,243.3
2020-02-07,15.51,729.18,1099.69,11.59,,209.4,12.08,243.75
2020-02-10,15.48,742.57,1110.93,11.81,,210.8,12.06,242.67
2020-02-11,15.76,743.74,1125.59,11.97,,212.7,12.28,246.07
2020-02-12,15.87,749.14,1133.77,12.08,,213.2,12.3,247.26
2020-02-13,16.02,750.19,1129.4,12.16,,213.2,12.22,248.06
2020-02-14,16.08,758.27,1134.59,12.16,,212.9,12.31,247.86
2020-02-17,,,1161.98,,,213.8,12.34,248.99
2020-02-18,16.08,764.4,1154.95,12.23,,211.8,12.32,246.91
2020-02-19,16.07,773.91,1153.07,12.45,,216.5,12.39,247.14
2020-02-20,16.2,770.22,1174.03,12.37,,217.9,12.43,248.45
2020-02-21,16.07,760.07,1174.13,12.08,,216.9,12.29,245.51
2020-02-24,15.52,735.33,1172.88,11.58,,209.6,11.92,240.87
2020-02-25,15.25,717.68,1180.57,11.19,,208.2,11.88,239.71
2020-02-26,14.74,719.44,1144.84,11.07,,203.5,11.75,239.07
2020-02-27,14.71,702.14,1158.16,10.73,,206.0,11.48,240.89
2020-02-28,14.03,702.97,1125.01,10.92,,192.7,11.0,235.45
2020-03-02,14.62,719.4,1165.7,11.19,,198.5,11.28,234.26
2020-03-03,14.78,705.91,1173.71,10.95,,207.3,11.63,240.38
2020-03-04,14.47,731.25,1179.22,11.31,,206.0,11.68,241.74
2020-03-05,14.64,722.73,1202.06,11.04,,203.7,11.7,245.32
2020-03-06,14.38,711.54,1190.43,10.77,,197.7,11.42,242.0
2020-03-09,13.66,661.79,1136.47,9.88,,185.8,10.77,235.1
2020-03-10,13.22,676.14,1166.58,10.32,,193.0,10.66,235.38
2020-03-11,13.21,634.31,1151.29,9.69,,189.6,10.46,235.98
2020-03-12,12.24,577.99,1112.8,8.48,,177.9,9.52,228.82
2020-03-13,11.56,600.67,1117.98,8.89,,178.5,9.47,227.87
2020-03-16,11.86,527.88,1041.08,7.5,,167.1,9.11,219.83
2020-03-17,10.45,555.7,1013.97,7.9,,168.2,9.03,211.45
2020-03-18,10.96,541.43,1007.41,7.18,,166.5,8.69,211.63
2020-03-19,10.53,568.33,986.57,7.83,,172.9,8.51,204.98
2020-03-20,11.41,562.14,1017.68,7.79,,181.9,8.87,212.66
2020-03-23,11.02,555.28,970.01,7.9,,170.0,8.43,207.2
2020-03-24,11.78,604.26,1006.92,8.72,,179.9,8.89,212.79
2020-03-25,12.68,610.64,1037.48,9.0,,185.0,9.22,221.06
2020-03-26,12.37,640.93,1028.19,9.45,,183.3,9.53,224.79
2020-03-27,12.89,626.71,1025.75,9.0,,184.1,9.42,226.3
2020-03-30,12.59,651.61,1018.96,9.19,,180.9,9.47,223.81
2020-03-31,12.91,644.25,1027.78,9.08,,187.0,9.62,225.0
2020-04-01,12.34,616.75,1030.3,8.3,,180.0,9.29,223.77
2020-04-02,12.01,630.99,1049.03,8.37,,179.1,9.16,223.97
2020-04-03,11.81,619.49,1044.38,8.27,,180.6,9.25,223.28
2020-04-06,11.94,659.05,,9.08,,184.2,9.57,224.15
2020-04-07,12.84,651.42,1083.49,9.1,,191.2,10.02,231.37
2020-04-08,12.65,671.19,1073.66,9.46,,188.7,9.76,229.81
2020-04-09,13.14,690.12,1081.25,9.7,,190.4,10.27,230.09
2020-04-10,,,,,,,,
2020-04-13,,,,,,,,
2020-04-14,13.46,710.65,1099.39,10.31,,195.9,10.32,232.23
2020-04-15,13.87,704.31,1093.36,10.16,,197.3,9.97,232.09
2020-04-16,13.92,718.01,1095.88,10.37,,201.1,9.92,233.19
2020-04-17,14.45,744.56,1109.46,10.7,,208.1,10.23,234.91
2020-04-20,14.41,761.75,1122.19,10.78,,209.7,10.12,234.29
2020-04-21,14.44,742.25,1105.02,10.35,,211.2,9.96,231.56
2020-04-22,13.94,752.69,1114.41,10.72,,208.6,9.95,233.27
2020-04-23,14.39,763.66,1110.6,10.65,,210.5,10.06,233.99
2020-04-24,14.36,769.96,1103.61,10.86,,210.3,10.01,232.19
2020-04-27,14.67,781.43,1111.43,11.34,,211.9,10.23,232.48
2020-04-28,14.86,768.95,1134.27,11.02,,213.3,10.5,236.91
2020-04-29,14.68,783.87,1133.28,11.53,,213.7,10.62,237.06
2020-04-30,15.23,766.07,,11.27,,218.0,10.52,
2020-05-01,,,,,,210.1,,
2020-05-04,14.33,753.24,,11.1,,208.4,10.13,230.24
2020-05-05,14.75,769.52,,11.25,,212.5,10.33,231.5
2020-05-06,14.97,771.86,1159.76,11.32,,217.5,10.29,235.88
2020-05-07,15.21,795.05,1163.51,11.61,,221.8,10.33,235.71
2020-05-08,15.89,799.94,1182.21,11.94,,,10.46,238.2
2020-05-11,16.06,822.18,1172.56,12.19,,224.0,10.39,240.81
2020-05-12,16.16,816.63,1184.56,11.88,,228.0,10.45,240.82
2020-05-13,15.93,802.31,1190.0,11.52,,226.3,10.29,240.78
2020-05-14,15.55,804.88,1176.54,11.56,,226.2,9.87,239.48
2020-05-15,15.81,824.88,1171.18,11.9,,226.2,10.13,238.48
2020-05-18,15.9,845.59,1167.32,12.25,,233.5,10.45,240.21
2020-05-19,16.01,838.19,1185.04,12.23,,234.1,10.55,243.83
2020-05-20,16.19,857.58,1171.07,12.65,,233.9,10.77,246.44
2020-05-21,,,,,,237.5,,
2020-05-22,16.43,858.6,1133.58,12.83,,237.0,10.72,237.71
2020-05-25,,,1139.75,,,,10.87,236.85
2020-05-26,16.89,853.98,1159.55,12.86,,241.2,11.16,238.15
2020-05-27,16.77,849.65,1144.68,12.8,,235.3,11.14,239.93
2020-05-28,16.71,849.73,1146.01,12.66,,235.6,11.3,237.05
2020-05-29,16.63,865.53,1158.99,12.92,,237.6,11.38,237.63
2020-06-01,,,,,,239.8,,
2020-06-02,17.44,874.3,1187.79,13.4,,239.9,11.73,248.52
2020-06-03,17.63,870.91,1195.09,13.48,,240.5,12.0,250.83
2020-06-04,17.95,851.38,1197.05,13.12,,242.8,12.15,253.0
2020-06-05,17.93,865.3,1207.31,13.2,,239.7,12.3,253.13
2020-06-08,17.94,869.16,1209.5,13.43,,240.1,12.37,254.44
2020-06-09,18.12,865.94,1219.12,13.46,,242.4,12.29,254.08
2020-06-10,18.07,874.37,1230.2,13.62,,241.5,12.31,255.21
2020-06-11,17.99,829.98,1224.47,12.64,,241.1,11.91,254.3
2020-06-12,17.33,835.98,1226.92,12.83,,239.5,11.82,251.76
2020-06-15,17.16,860.79,1209.99,13.27,,236.2,11.55,249.56
2020-06-16,17.9,871.13,1231.42,13.7,,246.6,12.1,252.92
2020-06-17,18.29,870.44,1229.86,13.69,,247.9,12.04,253.65
2020-06-18,18.23,878.08,1238.33,13.93,,251.0,12.0,255.29
2020-06-19,18.5,888.87,1262.4,13.99,,253.6,12.13,256.86
2020-06-22,18.43,901.08,1262.6,14.59,,256.5,12.02,258.47
2020-06-23,,,,,,255.1,,
2020-06-24,18.74,878.49,1279.01,14.16,,254.8,12.08,262.2
2020-06-25,18.3,888.64,,14.41,,250.9,11.89,
2020-06-26,18.63,873.22,,14.1,,254.2,12.02,261.2
2020-06-29,18.3,876.51,1279.38,14.16,,251.6,11.94,259.63
2020-06-30,18.27,893.58,1303.24,14.51,,254.8,12.05,260.24
2020-07-01,18.68,900.82,,14.97,,257.0,12.11,
2020-07-02,19.13,904.9,1331.8,15.24,,258.6,12.36,267.36
2020-07-03,,,1352.68,15.24,,263.1,12.28,272.1
2020-07-06,19.36,920.05,1420.21,15.76,,265.7,12.52,277.86
2020-07-07,19.64,921.09,1436.52,15.96,,269.8,12.55,281.28
2020-07-08,19.64,939.08,1455.66,16.38,,271.0,12.67,283.1
2020-07-09,20.2,944.16,1487.45,16.46,,270.2,12.79,289.39
2020-07-10,20.45,933.26,1474.12,16.42,,272.4,12.74,289.56
2020-07-13,20.54,912.64,1512.02,15.85,,276.2,12.97,290.7
2020-07-14,19.73,926.16,1497.29,15.99,,275.4,12.82,285.07
2020-07-15,19.98,950.37,1497.86,16.37,,278.6,13.15,285.23
2020-07-16,19.98,935.84,1408.5,16.14,,277.7,13.2,278.4
2020-07-17,19.82,957.57,1434.13,16.3,,277.7,13.27,279.23
2020-07-20,19.92,972.41,1468.26,16.98,,282.3,13.41,281.08
2020-07-21,20.77,968.71,1485.58,16.71,,287.3,13.61,288.56
2020-07-22,20.53,972.54,1487.0,16.71,,285.6,13.62,285.7
2020-07-23,20.41,960.35,1504.17,16.31,,285.9,13.66,287.25
2020-07-24,20.0,937.11,1422.05,16.0,,279.2,13.41,278.54
2020-07-27,19.74,951.26,1425.31,16.61,,277.4,13.6,277.91
2020-07-28,20.16,940.14,1451.8,16.1,,283.1,13.55,282.48
2020-07-29,19.96,952.34,1487.38,16.27,,278.2,13.62,282.91
2020-07-30,20.3,962.91,1484.8,16.36,,278.3,13.47,282.28
2020-07-31,20.65,956.16,1505.06,16.38,,276.9,13.6,282.47
2020-08-03,20.62,981.74,1519.72,17.03,,273.4,13.61,283.03
2020-08-04,21.03,985.84,1514.83,17.13,,279.4,13.65,287.82
2020-08-05,21.15,986.45,1530.37,17.42,,280.5,13.95,289.42
2020-08-06,21.24,987.26,1523.71,17.26,,279.3,13.93,290.34
2020-08-07,21.02,976.53,1498.53,16.8,,277.9,14.04,287.21
2020-08-10,20.52,968.06,1506.86,16.97,,276.3,14.04,280.98
2020-08-11,20.44,945.41,1500.64,16.58,,273.6,14.19,282.11
2020-08-12,20.26,955.73,1481.32,17.03,,272.0,14.22,281.78
2020-08-13,20.39,976.93,1476.51,17.39,,276.8,14.34,283.29
2020-08-14,20.55,959.99,1499.63,17.19,,278.9,14.2,284.47
2020-08-17,20.47,984.59,1525.68,17.76,,279.1,14.27,284.65
2020-08-18,20.96,992.07,1540.48,17.97,,285.0,14.27,288.03
2020-08-19,21.09,997.0,1522.24,18.03,20.0,285.8,14.25,287.42
2020-08-20,21.03,990.1,1501.34,18.17,20.0,286.0,14.02,284.11
2020-08-21,21.3,986.78,1522.97,18.19,19.95,288.2,14.04,285.42
2020-08-24,21.25,979.97,1541.04,17.93,20.02,293.3,14.3,290.6
2020-08-25,21.27,989.19,1545.08,18.14,20.1,291.4,14.36,291.78
2020-08-26,21.45,988.58,1532.5,18.56,20.08,293.0,14.39,295.74
2020-08-27,21.98,985.63,1546.73,18.43,20.03,295.6,14.43,297.38
2020-08-28,21.96,984.88,1586.6,18.78,20.14,292.3,14.4,297.75
2020-08-31,22.27,994.35,1575.8,19.32,20.16,,14.44,296.54
2020-09-01,22.43,999.83,1598.47,19.73,20.0,296.3,14.42,295.97
2020-09-02,22.96,1016.43,1605.59,19.68,20.24,296.1,14.56,300.31
2020-09-03,22.83,975.23,1593.33,18.25,19.94,296.4,14.6,298.13
2020-09-04,21.6,951.55,1564.98,17.67,19.44,284.3,14.21,292.06
2020-09-07,,,1519.12,,,281.4,14.26,288.87
2020-09-08,21.21,941.25,1520.06,16.9,19.29,280.8,14.01,288.73
2020-09-09,20.58,962.16,1477.49,17.56,19.6,277.7,14.27,284.58
2020-09-10,20.9,953.18,1492.71,17.41,19.37,282.7,14.34,286.22
2020-09-11,20.92,958.41,1522.52,17.3,19.41,287.2,14.24,286.49
2020-09-14,20.68,984.84,1545.8,18.03,19.59,288.4,14.38,289.19
2020-09-15,21.1,990.51,1573.72,18.55,19.91,292.3,14.54,291.99
2020-09-16,21.53,1002.89,1570.89,18.52,19.75,297.1,14.59,293.84
2020-09-17,21.19,997.92,1565.05,18.09,19.63,290.9,14.38,291.26
2020-09-18,21.09,1007.03,1596.4,18.17,19.6,290.3,14.46,293.33
2020-09-21,20.83,984.51,1570.32,18.34,19.35,289.1,14.04,289.3
2020-09-22,21.25,992.6,1559.2,18.59,19.38,291.2,13.99,288.33
2020-09-23,21.53,980.75,1572.27,17.84,19.24,294.5,14.12,288.82
2020-09-24,20.85,977.59,1534.14,17.81,19.18,285.1,13.88,285.0
2020-09-25,20.82,1006.92,1530.57,18.39,19.42,285.4,13.83,282.97
2020-09-28,21.51,1013.0,1536.32,18.62,19.73,291.5,14.24,285.21
2020-09-29,21.74,1021.33,1545.0,18.82,19.9,293.8,14.43,284.72
2020-09-30,21.79,1028.91,1547.06,18.67,20.1,297.1,14.47,286.78
2020-10-01,21.85,1037.28,,19.16,20.54,300.2,14.66,
2020-10-02,22.26,1027.51,,18.77,20.51,295.8,14.62,
2020-10-05,22.18,1059.63,,19.46,20.89,294.8,14.8,
2020-10-06,22.64,1054.29,,19.42,21.13,298.4,14.88,
2020-10-07,22.68,1081.86,,20.15,21.52,299.6,15.03,
2020-10-08,23.08,1087.8,,20.4,21.78,304.0,15.26,
2020-10-09,23.32,1105.97,1614.62,20.85,21.85,306.8,15.41,296.0
2020-10-12,,1119.33,1658.69,,22.08,309.4,15.57,300.26
2020-10-13,23.86,1120.01,,21.29,21.96,311.8,15.54,
2020-10-14,24.03,1111.53,1664.96,21.06,22.13,316.7,15.63,301.02
2020-10-15,23.64,1109.79,1653.69,20.88,21.85,310.8,15.36,297.71
2020-10-16,23.65,1115.99,1655.98,20.87,21.93,312.1,15.58,298.88
2020-10-19,23.56,1100.28,1642.56,20.77,21.83,311.4,15.64,298.72
2020-10-20,23.57,1092.67,1659.9,20.49,21.9,309.6,15.6,299.55
2020-10-21,23.32,1077.34,1655.32,19.92,21.6,305.3,15.6,301.82
2020-10-22,23.36,1097.98,1638.11,20.06,21.46,301.4,15.45,298.89
2020-10-23,23.57,1103.77,1603.06,20.18,21.57,302.7,15.53,294.38
2020-10-26,23.66,1083.41,,19.77,,303.5,15.27,
2020-10-27,23.25,1106.1,1604.53,20.07,21.26,301.8,15.25,294.03
2020-10-28,23.11,1074.14,1628.23,19.31,21.05,300.3,14.83,294.81
2020-10-29,22.88,1067.49,1644.72,19.57,21.11,295.1,14.9,293.77
2020-10-30,22.79,1039.44,1624.86,18.51,21.06,294.7,14.75,292.53
2020-11-02,22.4,1034.41,1657.6,18.53,21.34,291.8,15.05,292.32
2020-11-03,22.5,1070.82,1659.34,19.01,21.82,292.9,15.34,293.98
2020-11-04,22.85,1111.85,1661.39,19.88,21.65,297.6,15.28,292.25
2020-11-05,23.69,1137.46,1709.72,20.56,22.46,306.8,15.99,301.96
2020-11-06,24.05,1136.0,1707.8,20.84,22.57,306.2,16.06,299.37
2020-11-09,24.92,1123.79,1750.77,19.89,22.55,316.4,16.54,305.63
2020-11-10,24.12,1101.25,1738.23,19.35,22.48,300.8,16.2,301.62
2020-11-11,,1118.5,1715.85,,23.11,297.3,16.33,295.63
2020-11-12,24.15,1126.34,1721.75,20.18,23.1,305.0,16.39,296.49
2020-11-13,24.26,1127.98,1708.49,20.29,23.12,306.2,16.43,298.52
2020-11-16,24.49,1119.5,1726.26,20.32,23.18,308.1,16.42,300.07
2020-11-17,24.53,1113.36,1728.13,20.63,23.13,309.9,16.35,300.3
2020-11-18,24.84,1103.98,1714.44,20.6,22.98,307.0,16.41,301.76
2020-11-19,24.88,1122.85,1717.43,21.05,23.1,310.6,16.42,299.39
2020-11-20,25.52,1136.88,1737.0,21.38,23.35,312.9,16.51,302.55
2020-11-23,25.7,1144.33,1753.58,21.88,23.46,312.1,16.64,303.86
2020-11-24,26.45,1130.22,1743.54,21.6,23.53,314.0,16.67,303.01
2020-11-25,26.58,1128.04,1717.5,22.07,23.89,316.1,16.76,301.75
2020-11-26,,,1715.45,,,320.6,16.84,302.86
2020-11-27,27.28,1173.75,1735.04,22.77,24.15,322.2,16.97,303.79
2020-11-30,27.47,1187.53,1728.33,22.89,24.09,332.0,17.0,300.77
2020-12-01,27.74,1193.52,1773.81,22.97,24.18,336.8,17.01,300.85
2020-12-02,27.46,1188.1,1772.33,22.9,24.17,334.3,16.93,299.82
2020-12-03,27.23,1196.52,1773.66,23.28,24.17,329.7,16.94,300.28
2020-12-04,27.45,1221.0,1799.12,23.9,24.02,332.6,16.92,303.0
2020-12-07,27.72,1216.1,1792.76,24.6,24.12,338.2,17.02,300.97
2020-12-08,28.03,1242.1,1792.75,24.92,24.27,341.8,17.06,300.33
2020-12-09,28.25,1231.25,1774.99,24.48,23.93,342.6,17.07,299.68
2020-12-10,27.59,1266.71,1781.47,25.58,23.97,336.9,16.94,298.46
2020-12-11,28.05,1255.96,1768.7,25.29,24.12,343.2,16.87,298.45
2020-12-14,28.31,1261.06,1797.93,25.36,24.41,338.4,16.98,298.74
2020-12-15,28.27,1265.96,1800.97,25.37,24.88,342.9,17.0,297.94
2020-12-16,28.28,1261.3,1823.45,25.29,25.11,340.1,17.17,300.09
2020-12-17,28.56,1288.32,1844.42,25.7,25.47,337.8,17.34,303.63
2020-12-18,28.89,1301.14,1824.39,26.06,25.53,343.6,17.32,302.05
2020-12-21,29.03,1317.08,1846.46,26.82,25.52,348.6,17.14,302.45
2020-12-22,29.13,1343.15,1821.52,27.63,26.12,345.5,17.36,301.89
2020-12-23,29.32,1348.52,1848.78,27.62,26.73,345.2,17.65,302.2
2020-12-24,,,,27.21,26.87,340.4,,301.93
2020-12-25,,,,,,,,
2020-12-28,29.32,1320.45,1876.77,26.55,,,17.93,298.52
2020-12-29,28.88,1299.09,1870.14,25.76,,344.0,17.84,299.01
2020-12-30,28.74,1315.17,1902.97,26.32,27.66,342.7,18.02,305.03
2020-12-31,28.97,1303.71,1940.92,25.78,27.66,341.8,17.94,309.27
2021-01-01,,,,,,,,
2021-01-04,29.04,1294.56,1990.28,25.81,28.31,345.4,18.44,309.82
2021-01-05,28.48,1308.06,2035.29,26.45,28.41,346.4,18.17,310.37
2021-01-06,28.92,1313.55,2058.87,26.57,29.52,346.5,18.74,314.19
2021-01-07,28.75,1364.46,2118.91,28.73,30.48,352.2,19.09,311.02
2021-01-08,29.84,1381.5,2090.14,29.56,30.55,362.6,19.5,312.73
2021-01-11,30.23,1380.45,2060.01,28.64,29.95,369.7,19.13,314.86
2021-01-12,30.07,1389.64,2121.97,29.18,29.78,363.2,19.14,316.73
2021-01-13,30.55,1396.0,2099.4,29.35,29.95,364.9,19.25,315.72
2021-01-14,30.46,1421.9,2040.21,30.19,29.8,367.5,19.18,316.96
2021-01-15,30.6,1412.92,2036.98,29.47,29.15,367.3,18.9,319.37
2021-01-18,,,2054.41,,,369.1,18.79,321.86
2021-01-19,30.35,1451.1,2018.02,30.37,29.38,370.3,19.01,325.06
2021-01-20,30.95,1472.8,2054.37,30.56,29.56,371.8,19.17,331.63
2021-01-21,31.16,1463.36,2086.74,30.0,29.98,377.6,19.27,332.68
2021-01-22,31.14,1472.47,2114.7,30.28,30.04,376.3,19.28,337.34
2021-01-25,31.39,1486.91,2129.41,30.36,29.87,380.0,19.28,344.08
2021-01-26,31.52,1452.56,2074.99,29.38,29.16,382.6,19.1,340.32
2021-01-27,31.36,1410.96,2084.82,28.68,27.71,375.9,18.31,336.27
2021-01-28,30.28,1414.44,2017.82,29.12,28.06,363.7,18.51,330.28
2021-01-29,30.53,1394.76,2021.11,28.5,27.7,368.0,18.38,328.37
2021-02-01,30.4,1418.52,2046.53,29.58,27.89,370.1,18.43,333.36
2021-02-02,31.43,1450.6,2099.66,30.55,28.19,376.6,18.74,337.82
2021-02-03,31.67,1444.26,2098.07,30.44,28.4,381.3,18.83,342.2
2021-02-04,31.78,1469.46,2088.61,30.86,28.25,380.3,18.72,341.1
2021-02-05,32.24,1486.59,2083.98,31.07,28.48,381.2,18.79,343.28
2021-02-08,32.73,1514.94,2141.38,31.99,28.28,383.8,18.98,345.12
2021-02-09,33.21,1520.47,2193.15,32.35,27.91,386.5,18.97,346.26
2021-02-10,33.4,1505.83,2232.78,31.89,27.84,384.1,18.99,354.47
2021-02-11,33.19,1511.92,,32.16,27.93,383.0,19.05,
2021-02-12,33.58,1531.14,,32.57,27.66,387.3,19.06,
2021-02-15,,,,,,389.6,19.22,
2021-02-16,33.81,1509.08,,32.18,27.32,392.3,19.29,
2021-02-17,33.61,,,31.5,26.96,385.3,19.01,
2021-02-18,33.21,,2198.45,,,381.6,,
2021-02-19,,,,,,,,
